{
  "fold": 5,
  "n_train": 40,
  "n_test": 8,
  "mae": 12.672188652269408,
  "mse": 281.74129607639264,
  "rmse": 16.785151059087692,
  "r2": 0.5536179450236303,
  "adj_r2": NaN,
  "predictions": [
    15.040911006889223,
    17.576562462433063,
    9.51910226274442,
    18.366180423498896,
    10.411097542701928,
    49.04676295987584,
    19.40878048478704,
    15.20102097832907
  ],
  "actuals": [
    23.09,
    10.49,
    9.3,
    5.0,
    4.8,
    78.3,
    51.7,
    9.7
  ]
}