{
  "fold": 2,
  "n_train": 133,
  "n_test": 9,
  "mae": 12.163352821500256,
  "mse": 179.0148620837673,
  "rmse": 13.379643570879132,
  "r2": 0.4358766575739633,
  "adj_r2": NaN,
  "predictions": [
    34.95326090071067,
    25.642303710048786,
    15.957256912431424,
    28.529863448689515,
    24.33384163569207,
    23.219554425620633,
    16.317422724142542,
    12.602218994415033,
    12.857505856896553
  ],
  "actuals": [
    48.0,
    44.96,
    38.74,
    32.17,
    31.94,
    15.0,
    3.0,
    2.42,
    1.5
  ]
}