{
  "fold": 5,
  "n_train": 534,
  "n_test": 8,
  "mae": 13.505510720657721,
  "mse": 284.59856012896057,
  "rmse": 16.870049203513325,
  "r2": 0.549090985656447,
  "adj_r2": NaN,
  "predictions": [
    17.79648464604366,
    16.003265123599473,
    13.528398264859693,
    25.626289847022587,
    11.25437921880554,
    44.390692466459896,
    29.7347897496345,
    19.753720173112516
  ],
  "actuals": [
    23.09,
    10.49,
    9.3,
    5.0,
    4.8,
    78.3,
    51.7,
    9.7
  ]
}