{
  "fold": 1,
  "n_train": 61,
  "n_test": 9,
  "mae": 16.322612128560475,
  "mse": 386.59114893594756,
  "rmse": 19.661921293097162,
  "r2": -0.009822515332862825,
  "adj_r2": NaN,
  "predictions": [
    33.46881294521162,
    27.267766898349674,
    18.104047070250434,
    18.529186137066407,
    40.67399431321897,
    15.127300513647427,
    14.522640618470405,
    10.318843593820613,
    24.178542957431965
  ],
  "actuals": [
    68.37,
    10.8,
    10.6,
    10.48,
    6.67,
    1.9,
    1.5,
    9.77,
    5.0
  ]
}