{
  "fold": 4,
  "n_train": 35,
  "n_test": 8,
  "mae": 17.48557076237905,
  "mse": 712.8572697909998,
  "rmse": 26.699387067702506,
  "r2": 0.3572541649663713,
  "adj_r2": NaN,
  "predictions": [
    72.3691062753119,
    10.549322680766947,
    22.289422528375486,
    12.685520854542771,
    11.516226033252952,
    8.723503552392309,
    49.60291773888391,
    11.522298218284986
  ],
  "actuals": [
    103.86,
    71.88,
    24.91,
    19.48,
    10.88,
    8.87,
    20.76,
    3.5
  ]
}