{
  "fold": 3,
  "n_train": 534,
  "n_test": 8,
  "mae": 14.88588694161568,
  "mse": 348.8971417591715,
  "rmse": 18.678788551701405,
  "r2": 0.6403829689826452,
  "adj_r2": NaN,
  "predictions": [
    75.2597290058104,
    9.760976850262729,
    20.58614093540799,
    22.728059714365784,
    18.662649365770914,
    13.034822030861536,
    19.318753598225808,
    42.4954220438411
  ],
  "actuals": [
    101.13,
    9.15,
    8.64,
    7.86,
    5.34,
    2.36,
    15.64,
    4.38
  ]
}