{
  "fold": 3,
  "n_train": 128,
  "n_test": 8,
  "mae": 16.51114259621145,
  "mse": 375.2731365484756,
  "rmse": 19.371967802690452,
  "r2": 0.6131965698954152,
  "adj_r2": NaN,
  "predictions": [
    82.46910679751142,
    10.668990806741055,
    22.91098651018811,
    26.2565713339668,
    20.09088372926706,
    29.749068786931353,
    19.132080442933024,
    37.989665957175596
  ],
  "actuals": [
    101.13,
    9.15,
    8.64,
    7.86,
    5.34,
    2.36,
    15.64,
    4.38
  ]
}