{
  "fold": 4,
  "n_train": 3034,
  "n_test": 8,
  "mae": 14.46418264462365,
  "mse": 380.46931932488525,
  "rmse": 19.50562276178039,
  "r2": 0.6569508641949502,
  "adj_r2": NaN,
  "predictions": [
    65.94692046509888,
    42.148121637831,
    26.65028256250046,
    23.833508960267032,
    12.619358143674017,
    17.487500195267234,
    44.41926863590341,
    11.45858476230694
  ],
  "actuals": [
    103.86,
    71.88,
    24.91,
    19.48,
    10.88,
    8.87,
    20.76,
    3.5
  ]
}