{
  "fold": 5,
  "n_train": 5758,
  "n_test": 8,
  "mae": 15.067662318276067,
  "mse": 347.03846745716737,
  "rmse": 18.628968502232414,
  "r2": 0.4501631588385363,
  "adj_r2": NaN,
  "predictions": [
    14.35429476555525,
    16.51205464359638,
    13.204073046848158,
    25.54656681209507,
    13.054799879327245,
    38.62160773423781,
    31.391814574277777,
    22.791521238412525
  ],
  "actuals": [
    23.09,
    10.49,
    9.3,
    5.0,
    4.8,
    78.3,
    51.7,
    9.7
  ]
}