{
  "fold": 1,
  "n_train": 505,
  "n_test": 9,
  "mae": 15.171663704451241,
  "mse": 326.18901560614637,
  "rmse": 18.06070362987407,
  "r2": 0.14795511195750444,
  "adj_r2": NaN,
  "predictions": [
    33.769651468889236,
    30.864181714620972,
    18.239542682061636,
    17.13809583614095,
    25.773985867786998,
    14.22212495338427,
    11.284392540493275,
    11.273422563526587,
    29.86887865093573
  ],
  "actuals": [
    68.37,
    10.8,
    10.6,
    10.48,
    6.67,
    1.9,
    1.5,
    9.77,
    5.0
  ]
}