{
  "fold": 4,
  "n_train": 34,
  "n_test": 8,
  "mae": 17.96427190289551,
  "mse": 739.361519061845,
  "rmse": 27.19120297195115,
  "r2": 0.3333566800820221,
  "adj_r2": NaN,
  "predictions": [
    68.8464833333334,
    11.186803675907429,
    21.44719254450367,
    14.14321632775473,
    11.630837125894493,
    8.794892161847104,
    50.61993450493953,
    12.02199163567642
  ],
  "actuals": [
    103.86,
    71.88,
    24.91,
    19.48,
    10.88,
    8.87,
    20.76,
    3.5
  ]
}