{
  "fold": 1,
  "n_train": 5757,
  "n_test": 9,
  "mae": 15.033693406558548,
  "mse": 334.773370569094,
  "rmse": 18.296813126036295,
  "r2": 0.1255317457085523,
  "adj_r2": NaN,
  "predictions": [
    36.994512843550034,
    33.81538297060054,
    15.485403913396748,
    17.495414113321765,
    22.94218396603493,
    13.310759680437933,
    11.254214155873669,
    10.773037259992998,
    35.57135744291837
  ],
  "actuals": [
    68.37,
    10.8,
    10.6,
    10.48,
    6.67,
    1.9,
    1.5,
    9.77,
    5.0
  ]
}