{
  "fold": 5,
  "n_train": 34,
  "n_test": 8,
  "mae": 12.03283063571845,
  "mse": 275.81279618725927,
  "rmse": 16.60761259745841,
  "r2": 0.5630108739278863,
  "adj_r2": NaN,
  "predictions": [
    9.982399787434789,
    12.79778247308248,
    9.481237210705961,
    15.353035434287937,
    8.948748218031966,
    51.37418520451771,
    17.761037053224562,
    14.999463794816302
  ],
  "actuals": [
    23.09,
    10.49,
    9.3,
    5.0,
    4.8,
    78.3,
    51.7,
    9.7
  ]
}