{
  "fold": 2,
  "n_train": 1033,
  "n_test": 9,
  "mae": 9.429519933134443,
  "mse": 119.03769945214935,
  "rmse": 10.910439929358914,
  "r2": 0.6248806154528681,
  "adj_r2": NaN,
  "predictions": [
    41.82598936588848,
    26.363075946914044,
    20.205125475630226,
    27.714914186688674,
    26.03505464187647,
    17.03446726118105,
    12.867349291923231,
    12.90778594540834,
    10.31023651669526
  ],
  "actuals": [
    48.0,
    44.96,
    38.74,
    32.17,
    31.94,
    15.0,
    3.0,
    2.42,
    1.5
  ]
}