{
  "fold": 2,
  "n_train": 973,
  "n_test": 9,
  "mae": 14.985218145640154,
  "mse": 273.1251094759749,
  "rmse": 16.5264971931736,
  "r2": 0.13931029041618614,
  "adj_r2": NaN,
  "predictions": [
    33.66504678462843,
    23.485964518804934,
    11.803210788633061,
    21.514570642074695,
    19.291154873700837,
    17.005697159418215,
    22.63487113139914,
    11.912377975146113,
    19.183964652639858
  ],
  "actuals": [
    48.0,
    44.96,
    38.74,
    32.17,
    31.94,
    15.0,
    3.0,
    2.42,
    1.5
  ]
}