{
  "fold": 1,
  "n_train": 9569,
  "n_test": 9,
  "mae": 14.720468978364668,
  "mse": 323.12331931769876,
  "rmse": 17.97563126339931,
  "r2": 0.15596307889044558,
  "adj_r2": NaN,
  "predictions": [
    35.48878108482334,
    32.82831356207066,
    14.307981303374174,
    17.258055009302726,
    22.540523188711116,
    14.37099909605792,
    10.158957083368954,
    11.642684842865126,
    33.21548780435467
  ],
  "actuals": [
    68.37,
    10.8,
    10.6,
    10.48,
    6.67,
    1.9,
    1.5,
    9.77,
    5.0
  ]
}