{
  "fold": 4,
  "n_train": 28639,
  "n_test": 8,
  "mae": 14.640449532415374,
  "mse": 368.0282770674852,
  "rmse": 19.184063101112997,
  "r2": 0.6681682963981257,
  "adj_r2": NaN,
  "predictions": [
    64.7819835882596,
    45.580420893282025,
    28.64685075814154,
    23.211762911120026,
    14.355494382697124,
    17.219056414988692,
    43.66465837387795,
    13.048177900039304
  ],
  "actuals": [
    103.86,
    71.88,
    24.91,
    19.48,
    10.88,
    8.87,
    20.76,
    3.5
  ]
}