{
  "fold": 2,
  "n_train": 309,
  "n_test": 9,
  "mae": 15.451765215186182,
  "mse": 280.44201038283865,
  "rmse": 16.746402908769355,
  "r2": 0.11625279369365926,
  "adj_r2": NaN,
  "predictions": [
    35.59943526948992,
    27.84008180921086,
    11.605223680819734,
    16.28467018620379,
    19.430730812169514,
    17.94827251604939,
    23.160319136780846,
    13.445102857835108,
    21.382334183904113
  ],
  "actuals": [
    48.0,
    44.96,
    38.74,
    32.17,
    31.94,
    15.0,
    3.0,
    2.42,
    1.5
  ]
}