{
  "fold": 2,
  "n_train": 6033,
  "n_test": 9,
  "mae": 9.902562865217583,
  "mse": 137.68201723725792,
  "rmse": 11.733798073823237,
  "r2": 0.5661274217584414,
  "adj_r2": NaN,
  "predictions": [
    39.968804460756935,
    23.930730407137293,
    19.773483418387837,
    28.504699667496315,
    24.74816412447124,
    15.217852024399381,
    11.239439095050221,
    14.398507394306153,
    11.30314935145212
  ],
  "actuals": [
    48.0,
    44.96,
    38.74,
    32.17,
    31.94,
    15.0,
    3.0,
    2.42,
    1.5
  ]
}