{
  "fold": 3,
  "n_train": 988,
  "n_test": 8,
  "mae": 14.220226050456457,
  "mse": 278.59291277331863,
  "rmse": 16.691102802790432,
  "r2": 0.712847300356584,
  "adj_r2": NaN,
  "predictions": [
    80.94723273342844,
    10.904981549170776,
    21.813240539520212,
    23.199072723200757,
    19.49305333032093,
    14.448687332592407,
    20.46442499510727,
    36.625580667167746
  ],
  "actuals": [
    101.13,
    9.15,
    8.64,
    7.86,
    5.34,
    2.36,
    15.64,
    4.38
  ]
}