{
  "fold": 4,
  "n_train": 10034,
  "n_test": 8,
  "mae": 14.466817182860582,
  "mse": 395.0131373424088,
  "rmse": 19.87493741732056,
  "r2": 0.643837469897953,
  "adj_r2": NaN,
  "predictions": [
    62.11764186737671,
    44.45127963645061,
    26.32881190549732,
    23.18600943150417,
    13.916847231931309,
    14.977224657121987,
    43.29509470397941,
    13.259471036677795
  ],
  "actuals": [
    103.86,
    71.88,
    24.91,
    19.48,
    10.88,
    8.87,
    20.76,
    3.5
  ]
}