{
  "fold": 4,
  "n_train": 128,
  "n_test": 8,
  "mae": 15.682733122715412,
  "mse": 428.06782656642486,
  "rmse": 20.68980006105484,
  "r2": 0.614033798493583,
  "adj_r2": NaN,
  "predictions": [
    72.38942363299917,
    37.455604075148344,
    23.84409431557027,
    19.716827394231565,
    15.527897223590857,
    13.389825097262074,
    45.87932017406985,
    27.477117116286735
  ],
  "actuals": [
    103.86,
    71.88,
    24.91,
    19.48,
    10.88,
    8.87,
    20.76,
    3.5
  ]
}