{
  "fold": 2,
  "n_train": 533,
  "n_test": 9,
  "mae": 9.383016538793292,
  "mse": 122.80635664046844,
  "rmse": 11.081802950804912,
  "r2": 0.6130045764202114,
  "adj_r2": NaN,
  "predictions": [
    42.08914386044327,
    25.537670687983514,
    20.511206524081523,
    29.65282520152411,
    25.990370586917287,
    16.64822451717014,
    13.025679758971897,
    12.212703293225042,
    12.451758140722264
  ],
  "actuals": [
    48.0,
    44.96,
    38.74,
    32.17,
    31.94,
    15.0,
    3.0,
    2.42,
    1.5
  ]
}