{
  "fold": 1,
  "n_train": 20033,
  "n_test": 9,
  "mae": 14.92727121664304,
  "mse": 330.2138435356686,
  "rmse": 18.17178702097481,
  "r2": 0.13744177797466783,
  "adj_r2": NaN,
  "predictions": [
    36.20739698152182,
    34.7830950727185,
    15.288078740428118,
    16.887280557565035,
    21.813640827105473,
    14.864937624579463,
    10.082232041540696,
    11.454499413466738,
    33.72907365390514
  ],
  "actuals": [
    68.37,
    10.8,
    10.6,
    10.48,
    6.67,
    1.9,
    1.5,
    9.77,
    5.0
  ]
}