{
  "fold": 2,
  "n_train": 127,
  "n_test": 9,
  "mae": 12.216983051091093,
  "mse": 184.48560873317,
  "rmse": 13.582547947022679,
  "r2": 0.4186368829010483,
  "adj_r2": NaN,
  "predictions": [
    33.533336544852936,
    22.576571691887494,
    17.180379774141738,
    24.768074661403787,
    22.003122887583178,
    18.291019577845244,
    14.46189422295983,
    12.555789264206632,
    10.815629954677254
  ],
  "actuals": [
    48.0,
    44.96,
    38.74,
    32.17,
    31.94,
    15.0,
    3.0,
    2.42,
    1.5
  ]
}