{
  "fold": 4,
  "n_train": 164,
  "n_test": 8,
  "mae": 17.572630570685178,
  "mse": 559.2693928602718,
  "rmse": 23.648877200837077,
  "r2": 0.495736260039661,
  "adj_r2": NaN,
  "predictions": [
    64.50896470314294,
    25.46000233406646,
    22.92062252532315,
    12.626278541431196,
    15.917059416842244,
    12.999376672222644,
    39.574123861669044,
    21.486352718711224
  ],
  "actuals": [
    103.86,
    71.88,
    24.91,
    19.48,
    10.88,
    8.87,
    20.76,
    3.5
  ]
}