{
  "fold": 1,
  "n_train": 53,
  "n_test": 9,
  "mae": 16.322468660035998,
  "mse": 373.9798600719171,
  "rmse": 19.338558893359068,
  "r2": 0.023119685949595015,
  "adj_r2": NaN,
  "predictions": [
    33.69385612966425,
    29.431708202741984,
    17.597739592271026,
    18.965171893537722,
    34.89220726200972,
    14.961242473366294,
    12.649131588937342,
    10.900843502551332,
    29.54802955457283
  ],
  "actuals": [
    68.37,
    10.8,
    10.6,
    10.48,
    6.67,
    1.9,
    1.5,
    9.77,
    5.0
  ]
}