{
  "fold": 4,
  "n_train": 94,
  "n_test": 8,
  "mae": 16.654305840349355,
  "mse": 508.75453821911833,
  "rmse": 22.555587738277147,
  "r2": 0.5412828425097391,
  "adj_r2": NaN,
  "predictions": [
    68.58130079559231,
    36.286661649199154,
    24.02877552981287,
    19.281757708444566,
    12.904506868059443,
    13.604956243067852,
    52.75591121094726,
    26.02756808376919
  ],
  "actuals": [
    103.86,
    71.88,
    24.91,
    19.48,
    10.88,
    8.87,
    20.76,
    3.5
  ]
}