{
  "fold": 2,
  "n_train": 163,
  "n_test": 9,
  "mae": 13.7349902660813,
  "mse": 235.83115632030163,
  "rmse": 15.35679511878379,
  "r2": 0.25683343492814215,
  "adj_r2": NaN,
  "predictions": [
    38.564274817295015,
    27.186101241442426,
    11.03233411039593,
    18.36366440539432,
    21.059534651575426,
    18.436653833589002,
    21.029100007800118,
    8.701403505352296,
    17.763664274093404
  ],
  "actuals": [
    48.0,
    44.96,
    38.74,
    32.17,
    31.94,
    15.0,
    3.0,
    2.42,
    1.5
  ]
}