{
  "fold": 2,
  "n_train": 3033,
  "n_test": 9,
  "mae": 9.421486518373591,
  "mse": 119.34154982513458,
  "rmse": 10.924355808244922,
  "r2": 0.6239231022832319,
  "adj_r2": NaN,
  "predictions": [
    39.9516125699723,
    26.104644126271616,
    20.83490640531858,
    27.91116698599399,
    25.923907209233807,
    16.353690044453984,
    10.159128816467,
    13.764002169245934,
    11.3527949319857
  ],
  "actuals": [
    48.0,
    44.96,
    38.74,
    32.17,
    31.94,
    15.0,
    3.0,
    2.42,
    1.5
  ]
}