{
  "fold": 2,
  "n_train": 28638,
  "n_test": 9,
  "mae": 9.190883795415347,
  "mse": 127.82984316565941,
  "rmse": 11.306186057449231,
  "r2": 0.5971742371051616,
  "adj_r2": NaN,
  "predictions": [
    39.78760195087901,
    24.028838446259602,
    20.394046090324153,
    30.947728354758574,
    25.99653483976034,
    14.716676149216978,
    9.44447446079655,
    14.164070476272702,
    11.090835052867515
  ],
  "actuals": [
    48.0,
    44.96,
    38.74,
    32.17,
    31.94,
    15.0,
    3.0,
    2.42,
    1.5
  ]
}