{
  "fold": 2,
  "n_train": 497,
  "n_test": 9,
  "mae": 16.17682347145541,
  "mse": 306.619924441743,
  "rmse": 17.51056607999133,
  "r2": 0.03375923866279029,
  "adj_r2": NaN,
  "predictions": [
    31.891975278720494,
    27.278868800443362,
    10.427613099926644,
    16.723496439459247,
    23.353408409684363,
    19.060170349051226,
    25.035045762938108,
    16.357768681027895,
    20.92378847831555
  ],
  "actuals": [
    48.0,
    44.96,
    38.74,
    32.17,
    31.94,
    15.0,
    3.0,
    2.42,
    1.5
  ]
}