{
  "fold": 5,
  "n_train": 80,
  "n_test": 8,
  "mae": 12.574147543257682,
  "mse": 300.8831642161126,
  "rmse": 17.34598409477285,
  "r2": 0.5232901707310817,
  "adj_r2": NaN,
  "predictions": [
    15.864895251174223,
    14.436864556459168,
    10.247797043712637,
    17.60313064844836,
    12.054069253712845,
    44.57492733315334,
    20.454967490409437,
    13.346108918465443
  ],
  "actuals": [
    23.09,
    10.49,
    9.3,
    5.0,
    4.8,
    78.3,
    51.7,
    9.7
  ]
}