{
  "fold": 2,
  "n_train": 2903,
  "n_test": 9,
  "mae": 9.567819731720794,
  "mse": 125.09800288310554,
  "rmse": 11.184721850949424,
  "r2": 0.6057829908881143,
  "adj_r2": NaN,
  "predictions": [
    36.35467024563686,
    25.90996022953864,
    20.39635458733042,
    29.837405484276495,
    26.57149847682871,
    17.189212082753457,
    10.309069551336322,
    13.045242850608314,
    10.746742124400171
  ],
  "actuals": [
    48.0,
    44.96,
    38.74,
    32.17,
    31.94,
    15.0,
    3.0,
    2.42,
    1.5
  ]
}