{
  "fold": 4,
  "n_train": 134,
  "n_test": 8,
  "mae": 15.554575413481551,
  "mse": 410.2386455681674,
  "rmse": 20.254348806322245,
  "r2": 0.6301094314629297,
  "adj_r2": NaN,
  "predictions": [
    70.50124272186186,
    39.26829154688832,
    23.78701254316569,
    20.310931880278012,
    15.67880871796013,
    14.878489562352767,
    43.72872344139625,
    26.236196517781124
  ],
  "actuals": [
    103.86,
    71.88,
    24.91,
    19.48,
    10.88,
    8.87,
    20.76,
    3.5
  ]
}