{
  "fold": 5,
  "n_train": 498,
  "n_test": 8,
  "mae": 13.584175625202231,
  "mse": 337.67363831512023,
  "rmse": 18.375898299542264,
  "r2": 0.46500049981462144,
  "adj_r2": NaN,
  "predictions": [
    17.95313805182977,
    15.438090962183301,
    11.279939807549265,
    20.506987707835247,
    12.824850252852881,
    41.58368374987316,
    20.62394173588396,
    14.984299808784039
  ],
  "actuals": [
    23.09,
    10.49,
    9.3,
    5.0,
    4.8,
    78.3,
    51.7,
    9.7
  ]
}