{
  "fold": 3,
  "n_train": 54,
  "n_test": 8,
  "mae": 18.569689182335633,
  "mse": 473.9676896266272,
  "rmse": 21.77079901213153,
  "r2": 0.51146961972152,
  "adj_r2": NaN,
  "predictions": [
    74.32174003914112,
    11.32484100172804,
    24.961429874707413,
    30.3580790168968,
    18.739081099338033,
    29.767979598422915,
    18.774557562901485,
    41.19328534383151
  ],
  "actuals": [
    101.13,
    9.15,
    8.64,
    7.86,
    5.34,
    2.36,
    15.64,
    4.38
  ]
}