{
  "n_samples": 42,
  "n_features": 143,
  "mean_mae": 15.445821639507596,
  "std_mae": 2.376203504723537,
  "mean_rmse": 20.039593855731972,
  "std_rmse": 4.368139214169948,
  "mean_r2": 0.3476367623093727,
  "std_r2": 0.16333647460804998
}