{
  "fold": 3,
  "n_train": 30034,
  "n_test": 8,
  "mae": 15.329512631474127,
  "mse": 329.2331911516974,
  "rmse": 18.14478413075497,
  "r2": 0.660651095857737,
  "adj_r2": NaN,
  "predictions": [
    72.11391576330007,
    11.281762020641763,
    20.196704721247865,
    24.08396282704765,
    21.366393126567665,
    14.968544989711589,
    19.764621844113925,
    35.32802728576262
  ],
  "actuals": [
    101.13,
    9.15,
    8.64,
    7.86,
    5.34,
    2.36,
    15.64,
    4.38
  ]
}