{
  "fold": 3,
  "n_train": 38,
  "n_test": 8,
  "mae": 17.99428439158821,
  "mse": 509.4387566435712,
  "rmse": 22.5707500239485,
  "r2": 0.4749087016717646,
  "adj_r2": NaN,
  "predictions": [
    75.08432103718037,
    9.974858998028115,
    23.957685288076938,
    27.08803503515258,
    15.894460914191743,
    28.89653633380352,
    16.640212937554118,
    48.82680666307904
  ],
  "actuals": [
    101.13,
    9.15,
    8.64,
    7.86,
    5.34,
    2.36,
    15.64,
    4.38
  ]
}