{
  "fold": 5,
  "n_train": 9570,
  "n_test": 8,
  "mae": 15.019629699028414,
  "mse": 349.3192908628696,
  "rmse": 18.690085362642666,
  "r2": 0.446549493915949,
  "adj_r2": NaN,
  "predictions": [
    16.428303319349705,
    16.324850647740917,
    13.132684144153313,
    25.21182823394364,
    12.896277152964021,
    38.718083938688395,
    31.003177360844223,
    24.940962032307745
  ],
  "actuals": [
    23.09,
    10.49,
    9.3,
    5.0,
    4.8,
    78.3,
    51.7,
    9.7
  ]
}