{
  "fold": 3,
  "n_train": 10034,
  "n_test": 8,
  "mae": 14.741846690576043,
  "mse": 312.13565691194924,
  "rmse": 17.667361345485332,
  "r2": 0.6782739530414164,
  "adj_r2": NaN,
  "predictions": [
    71.73921402190668,
    11.291360078650396,
    19.245341470985835,
    22.80885045926525,
    19.9386681391873,
    14.735823330001033,
    19.296611040992904,
    34.5973330274323
  ],
  "actuals": [
    101.13,
    9.15,
    8.64,
    7.86,
    5.34,
    2.36,
    15.64,
    4.38
  ]
}