{
  "fold": 3,
  "n_train": 506,
  "n_test": 8,
  "mae": 14.795078888842564,
  "mse": 315.3635049917705,
  "rmse": 17.75847698964555,
  "r2": 0.6749469291019607,
  "adj_r2": NaN,
  "predictions": [
    82.04335145849319,
    10.517374430558496,
    19.988948758844423,
    24.310519972884777,
    21.015656076680465,
    17.231289608403525,
    19.48375447100897,
    40.09643925085306
  ],
  "actuals": [
    101.13,
    9.15,
    8.64,
    7.86,
    5.34,
    2.36,
    15.64,
    4.38
  ]
}