{
  "fold": 5,
  "n_train": 134,
  "n_test": 8,
  "mae": 14.87213326711293,
  "mse": 324.10988122410464,
  "rmse": 18.003051997483777,
  "r2": 0.4864904902697167,
  "adj_r2": NaN,
  "predictions": [
    15.878493989282399,
    16.107819213120678,
    15.190075277520236,
    28.319909213816782,
    12.333476426079542,
    45.62124727895916,
    25.22040624376448,
    19.945933518372247
  ],
  "actuals": [
    23.09,
    10.49,
    9.3,
    5.0,
    4.8,
    78.3,
    51.7,
    9.7
  ]
}