{
  "fold": 3,
  "n_train": 90,
  "n_test": 8,
  "mae": 16.455283248424674,
  "mse": 422.5709719949058,
  "rmse": 20.55653112747639,
  "r2": 0.564445505123055,
  "adj_r2": NaN,
  "predictions": [
    84.4720277503992,
    9.380042459044182,
    21.866226894874885,
    25.18106080247149,
    18.338870263103782,
    32.844571455947964,
    17.285561392361043,
    43.457960469993274
  ],
  "actuals": [
    101.13,
    9.15,
    8.64,
    7.86,
    5.34,
    2.36,
    15.64,
    4.38
  ]
}