{
  "fold": 4,
  "n_train": 2904,
  "n_test": 8,
  "mae": 14.383814457366825,
  "mse": 361.6010997385409,
  "rmse": 19.015811834853142,
  "r2": 0.6739633435053995,
  "adj_r2": NaN,
  "predictions": [
    66.7095301555315,
    44.7141865120367,
    28.208866743883128,
    23.45726583387908,
    12.863354444068298,
    18.187774953914186,
    45.20119327078547,
    11.235777079972648
  ],
  "actuals": [
    103.86,
    71.88,
    24.91,
    19.48,
    10.88,
    8.87,
    20.76,
    3.5
  ]
}