{
  "fold": 4,
  "n_train": 20034,
  "n_test": 8,
  "mae": 14.728018341957192,
  "mse": 391.35488097315,
  "rmse": 19.782691449172177,
  "r2": 0.6471359268885308,
  "adj_r2": NaN,
  "predictions": [
    63.217057369168195,
    44.83037679283649,
    27.50549104869529,
    22.808868338610793,
    14.186761633562144,
    16.567856923292414,
    44.7129037880268,
    12.74969916547478
  ],
  "actuals": [
    103.86,
    71.88,
    24.91,
    19.48,
    10.88,
    8.87,
    20.76,
    3.5
  ]
}