{
  "fold": 5,
  "n_train": 1429,
  "n_test": 8,
  "mae": 14.299966225924594,
  "mse": 370.88886664882386,
  "rmse": 19.25847519012925,
  "r2": 0.412375335926372,
  "adj_r2": NaN,
  "predictions": [
    17.8817340584471,
    16.097627697526278,
    10.004799854899073,
    23.7834359507926,
    14.424785115542942,
    39.34964058705721,
    21.39770639431139,
    14.918162228451568
  ],
  "actuals": [
    23.09,
    10.49,
    9.3,
    5.0,
    4.8,
    78.3,
    51.7,
    9.7
  ]
}