{
  "fold": 4,
  "n_train": 310,
  "n_test": 8,
  "mae": 17.17069348449119,
  "mse": 571.0685488955172,
  "rmse": 23.89704058864857,
  "r2": 0.4850975828177967,
  "adj_r2": NaN,
  "predictions": [
    60.90905251705738,
    25.00645346335707,
    23.04965325516422,
    13.560054173041864,
    16.97100793798143,
    13.270761726108713,
    34.105218639901324,
    19.423772980558564
  ],
  "actuals": [
    103.86,
    71.88,
    24.91,
    19.48,
    10.88,
    8.87,
    20.76,
    3.5
  ]
}