{
  "fold": 4,
  "n_train": 9570,
  "n_test": 8,
  "mae": 14.288724514558835,
  "mse": 381.9643575084238,
  "rmse": 19.543908450164817,
  "r2": 0.655602867048246,
  "adj_r2": NaN,
  "predictions": [
    63.14966511587538,
    45.07314031513802,
    26.78755394176631,
    23.59612901558854,
    12.784139619213144,
    15.523642421474822,
    43.65057169002853,
    12.850564859412737
  ],
  "actuals": [
    103.86,
    71.88,
    24.91,
    19.48,
    10.88,
    8.87,
    20.76,
    3.5
  ]
}