{
  "fold": 4,
  "n_train": 498,
  "n_test": 8,
  "mae": 16.260651350921655,
  "mse": 522.9438566649795,
  "rmse": 22.86796573079861,
  "r2": 0.5284890817955965,
  "adj_r2": NaN,
  "predictions": [
    61.61627927826941,
    27.74437612991725,
    21.96327330341075,
    14.59275601336045,
    16.099879010812636,
    12.690659763543788,
    31.286748140960693,
    19.804608617014004
  ],
  "actuals": [
    103.86,
    71.88,
    24.91,
    19.48,
    10.88,
    8.87,
    20.76,
    3.5
  ]
}