{
  "fold": 4,
  "n_train": 62,
  "n_test": 8,
  "mae": 16.069611320211834,
  "mse": 515.4132367451999,
  "rmse": 22.702714303474814,
  "r2": 0.5352790449393808,
  "adj_r2": NaN,
  "predictions": [
    65.00599426395831,
    28.01515972592383,
    23.284478802807733,
    15.273053023297134,
    11.995792775270793,
    11.628360974386508,
    40.776839011382755,
    19.614583616641617
  ],
  "actuals": [
    103.86,
    71.88,
    24.91,
    19.48,
    10.88,
    8.87,
    20.76,
    3.5
  ]
}