{
  "fold": 1,
  "n_train": 33,
  "n_test": 9,
  "mae": 14.743079021990322,
  "mse": 348.15129724409377,
  "rmse": 18.65881285730938,
  "r2": 0.09058699438129125,
  "adj_r2": NaN,
  "predictions": [
    32.166399341198,
    28.968258827838824,
    10.923265311873795,
    16.38699800664635,
    35.64640623931625,
    14.026754625999219,
    11.6404117384864,
    11.505814684690527,
    24.106201104259526
  ],
  "actuals": [
    68.37,
    10.8,
    10.6,
    10.48,
    6.67,
    1.9,
    1.5,
    9.77,
    5.0
  ]
}