{
  "fold": 5,
  "n_train": 164,
  "n_test": 8,
  "mae": 13.447724721506091,
  "mse": 348.6824943862581,
  "rmse": 18.673041915720592,
  "r2": 0.44755841424033926,
  "adj_r2": NaN,
  "predictions": [
    16.990909296096437,
    15.448358015875892,
    8.391745779716553,
    19.16812936466107,
    12.99573003781621,
    41.7250515620846,
    18.384601458152723,
    13.061888449745862
  ],
  "actuals": [
    23.09,
    10.49,
    9.3,
    5.0,
    4.8,
    78.3,
    51.7,
    9.7
  ]
}