{
  "fold": 1,
  "n_train": 89,
  "n_test": 9,
  "mae": 15.508440085224127,
  "mse": 347.09456286487045,
  "rmse": 18.630474037578068,
  "r2": 0.09334731150651021,
  "adj_r2": NaN,
  "predictions": [
    32.336169189257355,
    31.82936253757525,
    17.1040707782104,
    17.97159436002685,
    28.008875389884462,
    13.219581206227723,
    13.481490730648215,
    10.032593892006018,
    28.614561061695582
  ],
  "actuals": [
    68.37,
    10.8,
    10.6,
    10.48,
    6.67,
    1.9,
    1.5,
    9.77,
    5.0
  ]
}