{
  "fold": 3,
  "n_train": 35,
  "n_test": 8,
  "mae": 18.196983860876934,
  "mse": 524.780395603258,
  "rmse": 22.908085812726867,
  "r2": 0.45909568977431836,
  "adj_r2": NaN,
  "predictions": [
    72.43485031365434,
    10.922714538670391,
    22.150219506188254,
    26.261499848901103,
    15.860035018607128,
    28.874860565295805,
    16.682073012265516,
    49.499318710741626
  ],
  "actuals": [
    101.13,
    9.15,
    8.64,
    7.86,
    5.34,
    2.36,
    15.64,
    4.38
  ]
}