{
  "fold": 2,
  "n_train": 39,
  "n_test": 9,
  "mae": 14.338815590090036,
  "mse": 246.31742791080003,
  "rmse": 15.6945031113062,
  "r2": 0.2237884100047307,
  "adj_r2": NaN,
  "predictions": [
    34.04510123155147,
    26.092751749548423,
    10.883068395195348,
    18.805178387025013,
    23.899411245534434,
    19.987501840522473,
    20.91300903754517,
    12.047058530814105,
    15.937281910783248
  ],
  "actuals": [
    48.0,
    44.96,
    38.74,
    32.17,
    31.94,
    15.0,
    3.0,
    2.42,
    1.5
  ]
}