{
  "fold": 4,
  "n_train": 19094,
  "n_test": 8,
  "mae": 14.875345119040581,
  "mse": 396.7708942355333,
  "rmse": 19.91910877111557,
  "r2": 0.6422525931351915,
  "adj_r2": NaN,
  "predictions": [
    63.37712833442891,
    43.63447451309694,
    26.726283050334377,
    22.814979120722438,
    14.795197355356134,
    16.9860366599973,
    44.17393581737634,
    13.17793179606391
  ],
  "actuals": [
    103.86,
    71.88,
    24.91,
    19.48,
    10.88,
    8.87,
    20.76,
    3.5
  ]
}