{
  "fold": 4,
  "n_train": 5758,
  "n_test": 8,
  "mae": 14.037669879965907,
  "mse": 346.54928905318167,
  "rmse": 18.61583436360513,
  "r2": 0.6875347680215103,
  "adj_r2": NaN,
  "predictions": [
    66.0948369711627,
    46.741465721017065,
    26.54670524117777,
    24.2283400359737,
    13.29554563151669,
    17.631793923092594,
    43.736994294917956,
    12.358282605228341
  ],
  "actuals": [
    103.86,
    71.88,
    24.91,
    19.48,
    10.88,
    8.87,
    20.76,
    3.5
  ]
}