{
  "fold": 1,
  "n_train": 3033,
  "n_test": 9,
  "mae": 15.09990884303204,
  "mse": 320.6908582961057,
  "rmse": 17.907843485358747,
  "r2": 0.16231695924708345,
  "adj_r2": NaN,
  "predictions": [
    38.70501499903116,
    34.107661836186644,
    15.494935202216176,
    18.06504619188652,
    23.63942553996866,
    14.499251913157348,
    11.935233388928731,
    11.528554115151465,
    33.68408639882396
  ],
  "actuals": [
    68.37,
    10.8,
    10.6,
    10.48,
    6.67,
    1.9,
    1.5,
    9.77,
    5.0
  ]
}