{
  "fold": 5,
  "n_train": 974,
  "n_test": 8,
  "mae": 14.127908805914153,
  "mse": 382.8602730337016,
  "rmse": 19.566815607903642,
  "r2": 0.39340821588590047,
  "adj_r2": NaN,
  "predictions": [
    18.10525654334512,
    14.524859759776698,
    9.657405541801854,
    22.889690913375052,
    13.906122321833713,
    40.97927511081828,
    16.994957099549516,
    14.324680664238825
  ],
  "actuals": [
    23.09,
    10.49,
    9.3,
    5.0,
    4.8,
    78.3,
    51.7,
    9.7
  ]
}