{
  "fold": 4,
  "n_train": 988,
  "n_test": 8,
  "mae": 13.569882118634919,
  "mse": 292.97530749160103,
  "rmse": 17.116521477554983,
  "r2": 0.735839604030225,
  "adj_r2": NaN,
  "predictions": [
    70.29272251953013,
    47.85935575272239,
    26.481688515544178,
    23.779601790065204,
    15.734113308847716,
    18.103529632007238,
    40.099727921511686,
    15.17247405335584
  ],
  "actuals": [
    103.86,
    71.88,
    24.91,
    19.48,
    10.88,
    8.87,
    20.76,
    3.5
  ]
}