{
  "fold": 1,
  "n_train": 497,
  "n_test": 9,
  "mae": 15.105320049844103,
  "mse": 320.22449392835006,
  "rmse": 17.894817515927624,
  "r2": 0.16353515899171,
  "adj_r2": NaN,
  "predictions": [
    37.64038392076939,
    25.88724472828726,
    20.94441761597475,
    15.034841051455968,
    37.700631755431644,
    14.149147285381476,
    14.139485792428397,
    11.579335823162898,
    22.50316031724391
  ],
  "actuals": [
    68.37,
    10.8,
    10.6,
    10.48,
    6.67,
    1.9,
    1.5,
    9.77,
    5.0
  ]
}