{
  "fold": 2,
  "n_train": 61,
  "n_test": 9,
  "mae": 14.549920233638415,
  "mse": 258.3888702000555,
  "rmse": 16.074478846919284,
  "r2": 0.18574809149234228,
  "adj_r2": NaN,
  "predictions": [
    36.0858565274888,
    24.81093361425058,
    11.366494611589433,
    17.113374260130435,
    24.349079718355096,
    17.46950452688259,
    21.101493216571445,
    14.342498830422855,
    17.87152426068318
  ],
  "actuals": [
    48.0,
    44.96,
    38.74,
    32.17,
    31.94,
    15.0,
    3.0,
    2.42,
    1.5
  ]
}