{
  "fold": 5,
  "n_train": 35,
  "n_test": 8,
  "mae": 11.703561942177469,
  "mse": 258.3953915458585,
  "rmse": 16.074681693453794,
  "r2": 0.5906064624499017,
  "adj_r2": NaN,
  "predictions": [
    10.79994348892336,
    13.08541638101142,
    9.037768299725299,
    16.198286032332334,
    8.52632704042904,
    53.123213440369135,
    18.37407167443668,
    14.753462987101411
  ],
  "actuals": [
    23.09,
    10.49,
    9.3,
    5.0,
    4.8,
    78.3,
    51.7,
    9.7
  ]
}