{
  "fold": 5,
  "n_train": 128,
  "n_test": 8,
  "mae": 13.843746526749406,
  "mse": 278.29113948516795,
  "rmse": 16.6820604088694,
  "r2": 0.5590842646957153,
  "adj_r2": NaN,
  "predictions": [
    13.32404074722938,
    15.344584606088421,
    13.662989174926954,
    25.042292560732843,
    12.048127795225218,
    47.67114842225516,
    26.92843167962761,
    18.77559892613396
  ],
  "actuals": [
    23.09,
    10.49,
    9.3,
    5.0,
    4.8,
    78.3,
    51.7,
    9.7
  ]
}