{
  "fold": 3,
  "n_train": 28639,
  "n_test": 8,
  "mae": 15.195355364147867,
  "mse": 317.5864109145003,
  "rmse": 17.820954264979758,
  "r2": 0.6726557242381652,
  "adj_r2": NaN,
  "predictions": [
    76.10211816441979,
    11.196215821700518,
    21.680150377133394,
    24.402785848360782,
    19.335965531913324,
    16.457869273952163,
    20.00671289530873,
    36.82526132923382
  ],
  "actuals": [
    101.13,
    9.15,
    8.64,
    7.86,
    5.34,
    2.36,
    15.64,
    4.38
  ]
}