{
  "fold": 4,
  "n_train": 534,
  "n_test": 8,
  "mae": 13.961717562575869,
  "mse": 339.82192536994785,
  "rmse": 18.434259555782212,
  "r2": 0.6936004773456541,
  "adj_r2": NaN,
  "predictions": [
    66.9189857865026,
    47.542782509698235,
    25.55428301919399,
    21.48331728588398,
    15.746919049132273,
    14.873355139733931,
    42.1039383382103,
    19.053695964653325
  ],
  "actuals": [
    103.86,
    71.88,
    24.91,
    19.48,
    10.88,
    8.87,
    20.76,
    3.5
  ]
}