{
  "fold": 1,
  "n_train": 6033,
  "n_test": 9,
  "mae": 15.362612888614315,
  "mse": 336.8185392826662,
  "rmse": 18.35261668761886,
  "r2": 0.12018951937899469,
  "adj_r2": NaN,
  "predictions": [
    34.83558982402515,
    33.995350805725664,
    15.78557056402368,
    18.885608393639433,
    22.72025571487289,
    13.459739567745626,
    11.58601476238075,
    12.22742071491835,
    32.789145298247576
  ],
  "actuals": [
    68.37,
    10.8,
    10.6,
    10.48,
    6.67,
    1.9,
    1.5,
    9.77,
    5.0
  ]
}