{
  "fold": 3,
  "n_train": 34,
  "n_test": 8,
  "mae": 18.30250995411205,
  "mse": 510.8032490159665,
  "rmse": 22.600956816382055,
  "r2": 0.4735022851751074,
  "adj_r2": NaN,
  "predictions": [
    72.4275914285714,
    10.466413736417092,
    24.72854640567765,
    26.44816250000001,
    15.153049275045133,
    28.643661169386167,
    18.10168202256078,
    47.546155952380985
  ],
  "actuals": [
    101.13,
    9.15,
    8.64,
    7.86,
    5.34,
    2.36,
    15.64,
    4.38
  ]
}