{
  "fold": 2,
  "n_train": 987,
  "n_test": 9,
  "mae": 9.149421627075576,
  "mse": 120.63885894116146,
  "rmse": 10.983572230434024,
  "r2": 0.6198349369422425,
  "adj_r2": NaN,
  "predictions": [
    38.86733143102365,
    26.003685356701613,
    20.243130294326416,
    33.13220843308866,
    28.667733298456188,
    17.6548205073392,
    12.642679064476717,
    13.511151475315673,
    9.635815543967796
  ],
  "actuals": [
    48.0,
    44.96,
    38.74,
    32.17,
    31.94,
    15.0,
    3.0,
    2.42,
    1.5
  ]
}