{
  "fold": 5,
  "n_train": 3034,
  "n_test": 8,
  "mae": 14.771872506886737,
  "mse": 314.93302193435784,
  "rmse": 17.746352355747867,
  "r2": 0.5010300177193081,
  "adj_r2": NaN,
  "predictions": [
    14.940003243283746,
    17.09460304277552,
    12.700236918243808,
    26.38220301959526,
    13.24296103762691,
    43.15410726071572,
    31.019182920306417,
    24.068269461158273
  ],
  "actuals": [
    23.09,
    10.49,
    9.3,
    5.0,
    4.8,
    78.3,
    51.7,
    9.7
  ]
}