{
  "fold": 1,
  "n_train": 1033,
  "n_test": 9,
  "mae": 14.45750123144448,
  "mse": 298.80872624890685,
  "rmse": 17.28608475765715,
  "r2": 0.21947571646531805,
  "adj_r2": NaN,
  "predictions": [
    35.0237507073743,
    30.875123730413303,
    18.74252069995202,
    17.297400091677265,
    23.75829194694484,
    12.52266701344622,
    10.892317643741285,
    10.574287123490658,
    28.828653540709023
  ],
  "actuals": [
    68.37,
    10.8,
    10.6,
    10.48,
    6.67,
    1.9,
    1.5,
    9.77,
    5.0
  ]
}