{
  "fold": 4,
  "n_train": 80,
  "n_test": 8,
  "mae": 17.769721915429194,
  "mse": 557.2465747171047,
  "rmse": 23.606070717446915,
  "r2": 0.49756012856376575,
  "adj_r2": NaN,
  "predictions": [
    64.06476713932636,
    26.637360724731085,
    21.731404757394227,
    12.342923188638368,
    14.787034043574792,
    13.921072951682904,
    41.85463850763458,
    20.25148563063133
  ],
  "actuals": [
    103.86,
    71.88,
    24.91,
    19.48,
    10.88,
    8.87,
    20.76,
    3.5
  ]
}