{
  "fold": 3,
  "n_train": 310,
  "n_test": 8,
  "mae": 15.698182667452723,
  "mse": 439.35190052097414,
  "rmse": 20.960722805308365,
  "r2": 0.5471489813859113,
  "adj_r2": NaN,
  "predictions": [
    77.45512186913241,
    11.182450341642861,
    21.19794459896692,
    25.60196447125521,
    14.208515340120544,
    15.602943642343853,
    15.328105779801936,
    51.53487059422675
  ],
  "actuals": [
    101.13,
    9.15,
    8.64,
    7.86,
    5.34,
    2.36,
    15.64,
    4.38
  ]
}