{
  "fold": 5,
  "n_train": 988,
  "n_test": 8,
  "mae": 13.218165022565458,
  "mse": 243.2504790582265,
  "rmse": 15.596489318376316,
  "r2": 0.6146015858230596,
  "adj_r2": NaN,
  "predictions": [
    15.760388196075393,
    17.208956545750752,
    12.446655113638485,
    23.68729760648209,
    12.106862879763828,
    50.3028610728067,
    29.24206646000728,
    21.800863763777883
  ],
  "actuals": [
    23.09,
    10.49,
    9.3,
    5.0,
    4.8,
    78.3,
    51.7,
    9.7
  ]
}