{
  "fold": 1,
  "n_train": 163,
  "n_test": 9,
  "mae": 16.024102616884253,
  "mse": 343.1551369766249,
  "rmse": 18.524447008659255,
  "r2": 0.10363756509970534,
  "adj_r2": NaN,
  "predictions": [
    33.28064912198261,
    26.293600033315606,
    22.964644476182862,
    17.411564798044125,
    34.11035301098689,
    14.51638036437944,
    13.695812707389717,
    13.34974268791602,
    23.505474595726238
  ],
  "actuals": [
    68.37,
    10.8,
    10.6,
    10.48,
    6.67,
    1.9,
    1.5,
    9.77,
    5.0
  ]
}