{
  "fold": 3,
  "n_train": 1034,
  "n_test": 8,
  "mae": 15.488370019200463,
  "mse": 349.3012921263235,
  "rmse": 18.689603851508558,
  "r2": 0.6399664010669925,
  "adj_r2": NaN,
  "predictions": [
    73.83629383678938,
    10.191042567948827,
    20.461649516679863,
    25.474160714196003,
    20.994613230294895,
    14.796969891559495,
    19.252657417043977,
    38.81216065267003
  ],
  "actuals": [
    101.13,
    9.15,
    8.64,
    7.86,
    5.34,
    2.36,
    15.64,
    4.38
  ]
}