{
  "fold": 3,
  "n_train": 19094,
  "n_test": 8,
  "mae": 14.819816502152069,
  "mse": 303.41450868424056,
  "rmse": 17.418797567118133,
  "r2": 0.687263059162772,
  "adj_r2": NaN,
  "predictions": [
    75.93790359466294,
    11.112666507183457,
    20.13032143150542,
    23.712567893110048,
    20.052261423362403,
    16.368985042859087,
    19.73882270926093,
    35.620810604598155
  ],
  "actuals": [
    101.13,
    9.15,
    8.64,
    7.86,
    5.34,
    2.36,
    15.64,
    4.38
  ]
}