{
  "fold": 3,
  "n_train": 20034,
  "n_test": 8,
  "mae": 15.063061047557643,
  "mse": 318.5227003053918,
  "rmse": 17.84720427140878,
  "r2": 0.6716906672897827,
  "adj_r2": NaN,
  "predictions": [
    73.31833482706018,
    11.194622732257871,
    20.274354928641795,
    23.46004833895433,
    20.50672072828447,
    15.027441185965394,
    19.85881970634217,
    35.740815587075296
  ],
  "actuals": [
    101.13,
    9.15,
    8.64,
    7.86,
    5.34,
    2.36,
    15.64,
    4.38
  ]
}