{
  "fold": 5,
  "n_train": 28639,
  "n_test": 8,
  "mae": 14.995634200819843,
  "mse": 371.81397818271705,
  "rmse": 19.28247852799834,
  "r2": 0.41090961828635086,
  "adj_r2": NaN,
  "predictions": [
    16.246865403584223,
    16.32778825743258,
    12.792080670392906,
    23.3528870193351,
    11.824299933857185,
    35.474299010169176,
    30.17016624999537,
    23.75934838928974
  ],
  "actuals": [
    23.09,
    10.49,
    9.3,
    5.0,
    4.8,
    78.3,
    51.7,
    9.7
  ]
}