{
  "fold": 2,
  "n_train": 30033,
  "n_test": 9,
  "mae": 8.917486280543642,
  "mse": 125.27041402644278,
  "rmse": 11.19242663708111,
  "r2": 0.6052396776161392,
  "adj_r2": NaN,
  "predictions": [
    43.845928518227105,
    24.012937999833365,
    20.190671934380354,
    30.986330518492352,
    25.109240028897347,
    14.810851227049747,
    9.885208288659626,
    13.56847808542161,
    11.869650377691805
  ],
  "actuals": [
    48.0,
    44.96,
    38.74,
    32.17,
    31.94,
    15.0,
    3.0,
    2.42,
    1.5
  ]
}