{
  "fold": 2,
  "n_train": 79,
  "n_test": 9,
  "mae": 14.272158154022122,
  "mse": 254.59795502149598,
  "rmse": 15.956125940261815,
  "r2": 0.19769427135969808,
  "adj_r2": NaN,
  "predictions": [
    36.862900518007,
    25.318943433164705,
    11.5127427604665,
    16.90595399525099,
    23.880417408368018,
    17.048504584397087,
    21.501066890283894,
    11.078625429523576,
    19.412184597251763
  ],
  "actuals": [
    48.0,
    44.96,
    38.74,
    32.17,
    31.94,
    15.0,
    3.0,
    2.42,
    1.5
  ]
}