{
  "fold": 4,
  "n_train": 30034,
  "n_test": 8,
  "mae": 14.578839863138139,
  "mse": 397.2425810493847,
  "rmse": 19.930945312487932,
  "r2": 0.6418272979914215,
  "adj_r2": NaN,
  "predictions": [
    62.2540328851197,
    43.889723728608445,
    27.860789562850265,
    22.597052958491272,
    12.967258412554825,
    16.38052806673785,
    43.235537285100094,
    12.393309233098973
  ],
  "actuals": [
    103.86,
    71.88,
    24.91,
    19.48,
    10.88,
    8.87,
    20.76,
    3.5
  ]
}