{
  "fold": 5,
  "n_train": 62,
  "n_test": 8,
  "mae": 12.770604998933754,
  "mse": 294.05058942291595,
  "rmse": 17.14790335355655,
  "r2": 0.5341154875001928,
  "adj_r2": NaN,
  "predictions": [
    15.575357675462346,
    15.002195859227495,
    10.15769665003226,
    19.577014536232475,
    11.700889147162044,
    46.98298903090427,
    19.885631101633795,
    14.371021606816175
  ],
  "actuals": [
    23.09,
    10.49,
    9.3,
    5.0,
    4.8,
    78.3,
    51.7,
    9.7
  ]
}