{
  "fold": 1,
  "n_train": 973,
  "n_test": 9,
  "mae": 14.81375015696351,
  "mse": 324.44263804301585,
  "rmse": 18.01229130463462,
  "r2": 0.15251685991364683,
  "adj_r2": NaN,
  "predictions": [
    36.690183156990386,
    26.178313237464817,
    19.98793934202306,
    14.097933562372084,
    38.629047050257256,
    13.342692794198511,
    13.106263673206158,
    10.987863177371835,
    22.033881732768247
  ],
  "actuals": [
    68.37,
    10.8,
    10.6,
    10.48,
    6.67,
    1.9,
    1.5,
    9.77,
    5.0
  ]
}