{
  "fold": 4,
  "n_train": 53,
  "n_test": 8,
  "mae": 16.84929837535406,
  "mse": 494.44395983729794,
  "rmse": 22.23609587668883,
  "r2": 0.554185936918153,
  "adj_r2": NaN,
  "predictions": [
    71.02419992939,
    34.04397220790784,
    22.73918426087317,
    16.865381404171284,
    12.060208461499423,
    14.690211947045215,
    50.763399087937316,
    25.83330530869282
  ],
  "actuals": [
    103.86,
    71.88,
    24.91,
    19.48,
    10.88,
    8.87,
    20.76,
    3.5
  ]
}