{
  "fold": 3,
  "n_train": 6034,
  "n_test": 8,
  "mae": 15.053379660658992,
  "mse": 319.50883607227297,
  "rmse": 17.87481009891498,
  "r2": 0.670674232431997,
  "adj_r2": NaN,
  "predictions": [
    73.14858094278092,
    10.663579949372092,
    20.756116675203806,
    23.775385460852746,
    20.51905395181557,
    14.999558333884309,
    19.6682388552738,
    35.43368500165053
  ],
  "actuals": [
    101.13,
    9.15,
    8.64,
    7.86,
    5.34,
    2.36,
    15.64,
    4.38
  ]
}