{
  "fold": 2,
  "n_train": 37,
  "n_test": 9,
  "mae": 14.171242575634954,
  "mse": 240.26111049194105,
  "rmse": 15.500358398822302,
  "r2": 0.24287347358744626,
  "adj_r2": NaN,
  "predictions": [
    34.300056643390555,
    26.465586065766043,
    12.959694158000422,
    16.10661367391433,
    25.985817863918165,
    18.908470967804003,
    20.25958922901659,
    13.025481061411096,
    17.275410327472418
  ],
  "actuals": [
    48.0,
    44.96,
    38.74,
    32.17,
    31.94,
    15.0,
    3.0,
    2.42,
    1.5
  ]
}