{
  "fold": 1,
  "n_train": 133,
  "n_test": 9,
  "mae": 15.498203912927046,
  "mse": 331.7469295607471,
  "rmse": 18.21392131202798,
  "r2": 0.1334371731348325,
  "adj_r2": NaN,
  "predictions": [
    35.225453707086615,
    31.77030272017208,
    18.04181460732336,
    18.49429612783734,
    30.576437060592653,
    14.361814254296739,
    12.262657657246088,
    10.539308995909355,
    27.01265750005239
  ],
  "actuals": [
    68.37,
    10.8,
    10.6,
    10.48,
    6.67,
    1.9,
    1.5,
    9.77,
    5.0
  ]
}