{
  "fold": 1,
  "n_train": 309,
  "n_test": 9,
  "mae": 15.669678565065333,
  "mse": 354.99221028488915,
  "rmse": 18.841236962707335,
  "r2": 0.07271770784164011,
  "adj_r2": NaN,
  "predictions": [
    32.48012961525453,
    27.10409968190224,
    20.447631623752088,
    14.821797097306185,
    36.189333217845245,
    16.496850232487944,
    14.834516590698424,
    10.779402911295925,
    21.18360534555448
  ],
  "actuals": [
    68.37,
    10.8,
    10.6,
    10.48,
    6.67,
    1.9,
    1.5,
    9.77,
    5.0
  ]
}