{
  "fold": 2,
  "n_train": 10033,
  "n_test": 9,
  "mae": 8.906729132902704,
  "mse": 121.08039924511871,
  "rmse": 11.003653904277375,
  "r2": 0.618443526256086,
  "adj_r2": NaN,
  "predictions": [
    41.49943451856133,
    25.4430294331067,
    19.808028629030847,
    31.06538776498727,
    26.693928513737973,
    14.700756301938075,
    10.301843550219992,
    12.98605229348369,
    12.193231513782864
  ],
  "actuals": [
    48.0,
    44.96,
    38.74,
    32.17,
    31.94,
    15.0,
    3.0,
    2.42,
    1.5
  ]
}