{
  "n_synthetic_requested": 30000,
  "n_synthetic_generated": 30000,
  "n_original": 42,
  "validation": {
    "n_synthetic": 30000,
    "n_stable": 28605,
    "n_unstable": 1395,
    "stability_rate": 0.9535,
    "physical_pass_rate": 0.9631,
    "chemical_pass_rate": 1.0,
    "statistical_pass_rate": 0.9903333333333333
  },
  "accuracy_all_synthetic": {
    "mean_mae": 13.750678947278965,
    "std_mae": 2.428685916807615,
    "mean_rmse": 17.312129437675836,
    "std_rmse": 3.127132244930885,
    "mean_r2": 0.4927216551948666,
    "std_r2": 0.19923394812251255
  },
  "accuracy_stable_only": {
    "n_stable_used": 28605,
    "mean_mae": 13.814575128362335,
    "std_mae": 2.3190379619384878,
    "mean_rmse": 17.14469815599069,
    "std_rmse": 2.9747303469395487,
    "mean_r2": 0.4980660399066609,
    "std_r2": 0.20200482794650604
  },
  "accuracy_unstable_only": {
    "n_unstable_used": 1395,
    "mean_mae": 15.834790556336799,
    "std_mae": 1.5255093156324382,
    "mean_rmse": 20.02020737792158,
    "std_rmse": 2.766666906030635,
    "mean_r2": 0.31325194505430926,
    "std_r2": 0.2243104189569065
  }
}