{
  "fold": 5,
  "n_train": 19094,
  "n_test": 8,
  "mae": 14.797040290421004,
  "mse": 359.849733645797,
  "rmse": 18.969705681580752,
  "r2": 0.4298653913199998,
  "adj_r2": NaN,
  "predictions": [
    16.527345201055958,
    16.07595450371339,
    11.952624897750324,
    23.961204621933494,
    11.721658332637123,
    36.92105412485842,
    30.50122281955707,
    24.814502112805148
  ],
  "actuals": [
    23.09,
    10.49,
    9.3,
    5.0,
    4.8,
    78.3,
    51.7,
    9.7
  ]
}