{
  "fold": 3,
  "n_train": 498,
  "n_test": 8,
  "mae": 16.57519765106348,
  "mse": 465.6037248615339,
  "rmse": 21.57785264713646,
  "r2": 0.5200905678932102,
  "adj_r2": NaN,
  "predictions": [
    76.39366138820922,
    10.564471096147656,
    22.91857861111097,
    26.816121726393863,
    14.773518193190132,
    18.88768842904395,
    16.147490631877265,
    51.127373908953224
  ],
  "actuals": [
    101.13,
    9.15,
    8.64,
    7.86,
    5.34,
    2.36,
    15.64,
    4.38
  ]
}