{
  "fold": 3,
  "n_train": 94,
  "n_test": 8,
  "mae": 16.93533006195565,
  "mse": 413.81031493383796,
  "rmse": 20.34232815913257,
  "r2": 0.573475333989458,
  "adj_r2": NaN,
  "predictions": [
    76.69344405827091,
    10.481763555738274,
    22.343387149412695,
    24.49548961750819,
    20.178948290569128,
    28.190578601664384,
    17.520778939530384,
    41.205138399493045
  ],
  "actuals": [
    101.13,
    9.15,
    8.64,
    7.86,
    5.34,
    2.36,
    15.64,
    4.38
  ]
}