{
  "fold": 3,
  "n_train": 134,
  "n_test": 8,
  "mae": 17.036886810308758,
  "mse": 421.96563205384876,
  "rmse": 20.54180206442095,
  "r2": 0.5650694441764434,
  "adj_r2": NaN,
  "predictions": [
    80.37237165840958,
    9.958472453762338,
    22.42023285225811,
    26.645156635556063,
    18.270454164648868,
    32.04194212621363,
    18.518089192079387,
    41.05311871636125
  ],
  "actuals": [
    101.13,
    9.15,
    8.64,
    7.86,
    5.34,
    2.36,
    15.64,
    4.38
  ]
}