{
  "fold": 5,
  "n_train": 90,
  "n_test": 8,
  "mae": 13.983795827997627,
  "mse": 266.1756287727951,
  "rmse": 16.314889787332156,
  "r2": 0.5782796991037789,
  "adj_r2": NaN,
  "predictions": [
    15.160666094402831,
    18.60537267497081,
    16.92038832525654,
    26.05183160445678,
    11.176271648989776,
    47.60398019401905,
    30.998981172763816,
    19.080129831492805
  ],
  "actuals": [
    23.09,
    10.49,
    9.3,
    5.0,
    4.8,
    78.3,
    51.7,
    9.7
  ]
}