{
  "fold": 4,
  "n_train": 40,
  "n_test": 8,
  "mae": 17.291000793063958,
  "mse": 715.4898858627733,
  "rmse": 26.748642691971742,
  "r2": 0.35488047378430454,
  "adj_r2": NaN,
  "predictions": [
    65.55208749373574,
    11.679585549090284,
    23.173282533188576,
    15.328495365969975,
    10.289522801342768,
    10.220503889861238,
    43.762878222526666,
    12.487597975451116
  ],
  "actuals": [
    103.86,
    71.88,
    24.91,
    19.48,
    10.88,
    8.87,
    20.76,
    3.5
  ]
}