{
  "fold": 4,
  "n_train": 1429,
  "n_test": 8,
  "mae": 18.65349430661553,
  "mse": 638.362864598704,
  "rmse": 25.265843833102114,
  "r2": 0.4244218445282192,
  "adj_r2": NaN,
  "predictions": [
    57.89682390690038,
    25.04434045478121,
    23.575655139659467,
    12.651147586980404,
    16.673546452283,
    14.196140839825484,
    39.8034029511028,
    21.602831298034445
  ],
  "actuals": [
    103.86,
    71.88,
    24.91,
    19.48,
    10.88,
    8.87,
    20.76,
    3.5
  ]
}