{
  "fold": 5,
  "n_train": 38,
  "n_test": 8,
  "mae": 12.215175124254904,
  "mse": 271.8294793152409,
  "rmse": 16.487252024374495,
  "r2": 0.5693219159927723,
  "adj_r2": NaN,
  "predictions": [
    13.804658123350439,
    14.480407336343326,
    9.277690622498435,
    15.349158174549244,
    10.011294615885676,
    48.54747606062287,
    20.140469752461012,
    17.250835426193746
  ],
  "actuals": [
    23.09,
    10.49,
    9.3,
    5.0,
    4.8,
    78.3,
    51.7,
    9.7
  ]
}