{
  "fold": 1,
  "n_train": 93,
  "n_test": 9,
  "mae": 15.406345217986756,
  "mse": 344.89998352424004,
  "rmse": 18.57148307282539,
  "r2": 0.09907981633998253,
  "adj_r2": NaN,
  "predictions": [
    31.590894980381947,
    28.153591190971827,
    17.707565658744077,
    17.169490017128737,
    31.022911427788173,
    15.704923514491666,
    11.46780711302567,
    10.664913747548935,
    26.70679927256366
  ],
  "actuals": [
    68.37,
    10.8,
    10.6,
    10.48,
    6.67,
    1.9,
    1.5,
    9.77,
    5.0
  ]
}