{
  "fold": 1,
  "n_train": 10033,
  "n_test": 9,
  "mae": 15.799631156813767,
  "mse": 367.88941695513273,
  "rmse": 19.18044360683904,
  "r2": 0.039028654907137916,
  "adj_r2": NaN,
  "predictions": [
    33.87110514414674,
    34.898757404196516,
    15.747973182558274,
    17.503835907697095,
    21.922412996929506,
    15.140699778164587,
    10.997196408559189,
    12.22166560808363,
    35.98524426928185
  ],
  "actuals": [
    68.37,
    10.8,
    10.6,
    10.48,
    6.67,
    1.9,
    1.5,
    9.77,
    5.0
  ]
}