{
  "fold": 3,
  "n_train": 53,
  "n_test": 8,
  "mae": 16.506672405025196,
  "mse": 406.82083166297275,
  "rmse": 20.16979999065367,
  "r2": 0.5806795696261862,
  "adj_r2": NaN,
  "predictions": [
    77.4656767597973,
    9.763332466259573,
    22.722032676927984,
    29.528073710374994,
    16.971143440464584,
    23.327931314900248,
    16.99275029165083,
    42.45379209942067
  ],
  "actuals": [
    101.13,
    9.15,
    8.64,
    7.86,
    5.34,
    2.36,
    15.64,
    4.38
  ]
}