{
  "fold": 5,
  "n_train": 2904,
  "n_test": 8,
  "mae": 14.373402452047358,
  "mse": 302.0756382740399,
  "rmse": 17.380323307523362,
  "r2": 0.521400852310614,
  "adj_r2": NaN,
  "predictions": [
    15.468640144495419,
    17.13956465439363,
    12.162075916801681,
    26.56763332581393,
    13.061678955712546,
    43.9527485041494,
    31.26480449420613,
    22.94245990650802
  ],
  "actuals": [
    23.09,
    10.49,
    9.3,
    5.0,
    4.8,
    78.3,
    51.7,
    9.7
  ]
}