{
  "fold": 4,
  "n_train": 6034,
  "n_test": 8,
  "mae": 14.860642194449346,
  "mse": 414.5113170125237,
  "rmse": 20.359551002232926,
  "r2": 0.6262569887767069,
  "adj_r2": NaN,
  "predictions": [
    60.73538860237599,
    44.41135251864368,
    27.124924340805304,
    22.056206263617323,
    13.349057251088777,
    17.435753556218636,
    43.4660739908525,
    13.259863274031922
  ],
  "actuals": [
    103.86,
    71.88,
    24.91,
    19.48,
    10.88,
    8.87,
    20.76,
    3.5
  ]
}