{
  "fold": 2,
  "n_train": 33,
  "n_test": 9,
  "mae": 14.18641668282165,
  "mse": 229.20094897613464,
  "rmse": 15.139384035558866,
  "r2": 0.2777269779805561,
  "adj_r2": NaN,
  "predictions": [
    36.791953685952855,
    27.292650898559483,
    14.290189829941989,
    16.391610698175057,
    24.63289798073171,
    23.02536234034285,
    21.87522030452245,
    12.684165044989236,
    15.602305548901391
  ],
  "actuals": [
    48.0,
    44.96,
    38.74,
    32.17,
    31.94,
    15.0,
    3.0,
    2.42,
    1.5
  ]
}