{
  "fold": 3,
  "n_train": 9570,
  "n_test": 8,
  "mae": 14.863696172168972,
  "mse": 292.10054835418975,
  "rmse": 17.090949311088302,
  "r2": 0.6989246417209616,
  "adj_r2": NaN,
  "predictions": [
    78.37922640731341,
    11.539812509345301,
    21.337909760065404,
    24.174633616442733,
    21.27986605463237,
    16.391243699347722,
    20.18496925970473,
    34.62036088512693
  ],
  "actuals": [
    101.13,
    9.15,
    8.64,
    7.86,
    5.34,
    2.36,
    15.64,
    4.38
  ]
}