{
  "fold": 3,
  "n_train": 1429,
  "n_test": 8,
  "mae": 14.765280105253426,
  "mse": 369.21396309526614,
  "rmse": 19.21494114212339,
  "r2": 0.6194419118798055,
  "adj_r2": NaN,
  "predictions": [
    76.71837504092713,
    10.981806280738265,
    21.038796662576164,
    21.886969459157378,
    13.180975740153215,
    16.19603767066186,
    17.61752178165656,
    46.1785082880111
  ],
  "actuals": [
    101.13,
    9.15,
    8.64,
    7.86,
    5.34,
    2.36,
    15.64,
    4.38
  ]
}