{
  "fold": 2,
  "n_train": 93,
  "n_test": 9,
  "mae": 12.963081720575174,
  "mse": 199.28557949792065,
  "rmse": 14.116854447713225,
  "r2": 0.37199824698872963,
  "adj_r2": NaN,
  "predictions": [
    34.717192439002304,
    23.148966557499435,
    15.657588193736851,
    24.88186798293195,
    23.804209503318443,
    22.08112828005942,
    17.071945049882697,
    12.661007736625393,
    13.173479095098024
  ],
  "actuals": [
    48.0,
    44.96,
    38.74,
    32.17,
    31.94,
    15.0,
    3.0,
    2.42,
    1.5
  ]
}