{
  "fold": 2,
  "n_train": 53,
  "n_test": 9,
  "mae": 13.153656702700196,
  "mse": 214.66806711354675,
  "rmse": 14.6515551090506,
  "r2": 0.3235239458745933,
  "adj_r2": NaN,
  "predictions": [
    34.97486486207876,
    26.139597253973918,
    13.1309519661291,
    21.350984303716665,
    30.862751922130172,
    23.665023330617746,
    19.370571541956934,
    13.168719480723276,
    14.747746279032429
  ],
  "actuals": [
    48.0,
    44.96,
    38.74,
    32.17,
    31.94,
    15.0,
    3.0,
    2.42,
    1.5
  ]
}