{
  "fold": 4,
  "n_train": 54,
  "n_test": 8,
  "mae": 18.481231649158506,
  "mse": 587.2107398032745,
  "rmse": 24.232431570176246,
  "r2": 0.47054301991445335,
  "adj_r2": NaN,
  "predictions": [
    67.40791681486513,
    32.40562402110508,
    22.375577071570515,
    14.65503731883672,
    12.354262067989778,
    13.107828117312186,
    54.00006784558766,
    29.111850388755887
  ],
  "actuals": [
    103.86,
    71.88,
    24.91,
    19.48,
    10.88,
    8.87,
    20.76,
    3.5
  ]
}