{
  "n_synthetic_requested": 3000,
  "n_synthetic_generated": 3000,
  "n_original": 42,
  "validation": {
    "n_synthetic": 3000,
    "n_stable": 2870,
    "n_unstable": 130,
    "stability_rate": 0.9566666666666667,
    "physical_pass_rate": 0.9646666666666667,
    "chemical_pass_rate": 1.0,
    "statistical_pass_rate": 0.992
  },
  "accuracy_all_synthetic": {
    "mean_mae": 13.77002252343068,
    "std_mae": 2.1869293602795126,
    "mean_rmse": 16.811954237253257,
    "std_rmse": 3.011571099118048,
    "mean_r2": 0.522234183074033,
    "std_r2": 0.18943173157672813
  },
  "accuracy_stable_only": {
    "n_stable_used": 2870,
    "mean_mae": 13.587600391993698,
    "std_mae": 2.02036529928322,
    "mean_rmse": 16.603722303650393,
    "std_rmse": 2.7743939551407664,
    "mean_r2": 0.5277597119624142,
    "std_r2": 0.1981653193824877
  },
  "accuracy_unstable_only": {
    "n_unstable_used": 130,
    "mean_mae": 15.40788732545773,
    "std_mae": 1.5768787485679283,
    "mean_rmse": 19.55950283975923,
    "std_rmse": 2.8419536726340846,
    "mean_r2": 0.3646244000757493,
    "std_r2": 0.15983951929925383
  }
}