{
  "fold": 1,
  "n_train": 30033,
  "n_test": 9,
  "mae": 15.03807543826398,
  "mse": 332.6369992556335,
  "rmse": 18.238338719730848,
  "r2": 0.13111220418356295,
  "adj_r2": NaN,
  "predictions": [
    36.7053655035163,
    35.034323453964916,
    15.07051958749018,
    16.91498548327864,
    21.97451631205238,
    14.723481111204684,
    10.261497199543628,
    12.064164824277196,
    34.35455647608048
  ],
  "actuals": [
    68.37,
    10.8,
    10.6,
    10.48,
    6.67,
    1.9,
    1.5,
    9.77,
    5.0
  ]
}