{
  "fold": 3,
  "n_train": 2904,
  "n_test": 8,
  "mae": 14.688259402661854,
  "mse": 302.51845026785725,
  "rmse": 17.393057530746493,
  "r2": 0.6881866490371203,
  "adj_r2": NaN,
  "predictions": [
    79.48029194524531,
    10.482894438878509,
    21.809963651087056,
    24.119424222181383,
    18.685585976091026,
    15.571538600361341,
    20.475077107670565,
    38.08188317027028
  ],
  "actuals": [
    101.13,
    9.15,
    8.64,
    7.86,
    5.34,
    2.36,
    15.64,
    4.38
  ]
}