{
  "fold": 1,
  "n_train": 987,
  "n_test": 9,
  "mae": 15.160357446905525,
  "mse": 323.387621562126,
  "rmse": 17.982981442522984,
  "r2": 0.1552726896820784,
  "adj_r2": NaN,
  "predictions": [
    36.57204183216096,
    34.13590177024469,
    20.04959509339391,
    17.527491190961552,
    24.020835033135153,
    12.579680848939766,
    11.597548304608862,
    10.020862398187163,
    31.43334421483958
  ],
  "actuals": [
    68.37,
    10.8,
    10.6,
    10.48,
    6.67,
    1.9,
    1.5,
    9.77,
    5.0
  ]
}