{
  "fold": 2,
  "n_train": 1428,
  "n_test": 9,
  "mae": 15.437530934281764,
  "mse": 289.204591989468,
  "rmse": 17.006016346854075,
  "r2": 0.08863957339075745,
  "adj_r2": NaN,
  "predictions": [
    35.28622832131218,
    25.77539513141789,
    11.40665695058399,
    16.75432985920095,
    21.459559951192443,
    17.261048181880412,
    23.77344057570558,
    11.961984269608285,
    22.733475595049054
  ],
  "actuals": [
    48.0,
    44.96,
    38.74,
    32.17,
    31.94,
    15.0,
    3.0,
    2.42,
    1.5
  ]
}