{
  "fold": 1,
  "n_train": 533,
  "n_test": 9,
  "mae": 15.339020912284493,
  "mse": 340.5151526265088,
  "rmse": 18.453052664166673,
  "r2": 0.11053352131652838,
  "adj_r2": NaN,
  "predictions": [
    32.813603108626474,
    32.06097867113492,
    19.562790988712255,
    17.424885800794456,
    25.66394939461982,
    12.139162163128631,
    10.930327039636047,
    10.65555812754363,
    30.777139133617155
  ],
  "actuals": [
    68.37,
    10.8,
    10.6,
    10.48,
    6.67,
    1.9,
    1.5,
    9.77,
    5.0
  ]
}