{
  "fold": 2,
  "n_train": 5757,
  "n_test": 9,
  "mae": 9.189092202956495,
  "mse": 124.41367642071087,
  "rmse": 11.154087879370095,
  "r2": 0.6079394851969276,
  "adj_r2": NaN,
  "predictions": [
    43.1413830317973,
    24.57687907054869,
    19.99780377359916,
    29.830807393934037,
    25.72347788193244,
    16.27278858191748,
    11.30345769477725,
    13.896324271106675,
    10.609610430618664
  ],
  "actuals": [
    48.0,
    44.96,
    38.74,
    32.17,
    31.94,
    15.0,
    3.0,
    2.42,
    1.5
  ]
}