{
  "fold": 3,
  "n_train": 5758,
  "n_test": 8,
  "mae": 15.202997037815411,
  "mse": 317.54529581342894,
  "rmse": 17.819800667050934,
  "r2": 0.6726981026036132,
  "adj_r2": NaN,
  "predictions": [
    77.41515132318047,
    12.392403564058004,
    21.842982957972612,
    22.89559017563091,
    20.330568747097626,
    16.71648283437581,
    19.201602917212345,
    37.899496429356454
  ],
  "actuals": [
    101.13,
    9.15,
    8.64,
    7.86,
    5.34,
    2.36,
    15.64,
    4.38
  ]
}