{
  "fold": 1,
  "n_train": 1428,
  "n_test": 9,
  "mae": 16.017681209608686,
  "mse": 374.6454597872918,
  "rmse": 19.355760377399072,
  "r2": 0.021381059546392134,
  "adj_r2": NaN,
  "predictions": [
    34.21060064058611,
    24.426217625887297,
    25.243745922626417,
    12.422318328496146,
    38.95905573087959,
    13.032359033354176,
    14.04399451724373,
    11.84614011849809,
    26.745900250078854
  ],
  "actuals": [
    68.37,
    10.8,
    10.6,
    10.48,
    6.67,
    1.9,
    1.5,
    9.77,
    5.0
  ]
}