{
  "fold": 1,
  "n_train": 2903,
  "n_test": 9,
  "mae": 14.92470591617166,
  "mse": 325.6110896117521,
  "rmse": 18.04469699417954,
  "r2": 0.149464724070823,
  "adj_r2": NaN,
  "predictions": [
    36.256620201538006,
    35.48368957066668,
    14.047955729171697,
    18.884904390540754,
    24.549707278146755,
    13.561449982897548,
    10.85177798640731,
    10.796174885133116,
    30.75331362411909
  ],
  "actuals": [
    68.37,
    10.8,
    10.6,
    10.48,
    6.67,
    1.9,
    1.5,
    9.77,
    5.0
  ]
}