{
  "fold": 2,
  "n_train": 52,
  "n_test": 9,
  "mae": 12.741709930899244,
  "mse": 200.72628536756565,
  "rmse": 14.167790419383174,
  "r2": 0.36745820041842514,
  "adj_r2": NaN,
  "predictions": [
    33.49701848978694,
    26.46556903526066,
    16.66038563237493,
    19.64539622983721,
    31.240884532188925,
    20.733089562205354,
    19.73278425425848,
    12.06968602101373,
    15.759083460064296
  ],
  "actuals": [
    48.0,
    44.96,
    38.74,
    32.17,
    31.94,
    15.0,
    3.0,
    2.42,
    1.5
  ]
}