{
  "fold": 3,
  "n_train": 3034,
  "n_test": 8,
  "mae": 15.092662104237382,
  "mse": 323.1220794222205,
  "rmse": 17.975596775134353,
  "r2": 0.6669499719255918,
  "adj_r2": NaN,
  "predictions": [
    75.25617230222872,
    11.107189905952422,
    19.88967952962888,
    23.893428092689717,
    20.18079303880153,
    15.274260550029332,
    20.017744337220936,
    37.87437368180497
  ],
  "actuals": [
    101.13,
    9.15,
    8.64,
    7.86,
    5.34,
    2.36,
    15.64,
    4.38
  ]
}