{
  "fold": 1,
  "n_train": 52,
  "n_test": 9,
  "mae": 16.92308879516113,
  "mse": 381.33926376138385,
  "rmse": 19.527909866685267,
  "r2": 0.0038960395585633245,
  "adj_r2": NaN,
  "predictions": [
    35.96323317505211,
    31.303572646695287,
    22.150284052706294,
    17.504776358481696,
    34.31898270896378,
    16.04648539500161,
    14.570766936068615,
    10.37055552797638,
    30.35560870560862
  ],
  "actuals": [
    68.37,
    10.8,
    10.6,
    10.48,
    6.67,
    1.9,
    1.5,
    9.77,
    5.0
  ]
}