{
  "fold": 5,
  "n_train": 54,
  "n_test": 8,
  "mae": 13.571715686706938,
  "mse": 298.66448470115586,
  "rmse": 17.28191206727878,
  "r2": 0.5268053768262217,
  "adj_r2": NaN,
  "predictions": [
    15.64010164976909,
    16.124525980757316,
    13.438184549823,
    19.810767122352328,
    9.589745563074542,
    45.2251122006316,
    22.342455301075628,
    19.018171429124635
  ],
  "actuals": [
    23.09,
    10.49,
    9.3,
    5.0,
    4.8,
    78.3,
    51.7,
    9.7
  ]
}