{
  "fold": 1,
  "n_train": 19093,
  "n_test": 9,
  "mae": 15.121865697459905,
  "mse": 336.1540085921236,
  "rmse": 18.334503227306804,
  "r2": 0.12192535336093302,
  "adj_r2": NaN,
  "predictions": [
    34.92820769017535,
    33.38977109935664,
    16.29447927655984,
    17.620300442356484,
    22.584074736609313,
    15.060203505212321,
    10.186187479406797,
    10.772086470556514,
    33.46789595725657
  ],
  "actuals": [
    68.37,
    10.8,
    10.6,
    10.48,
    6.67,
    1.9,
    1.5,
    9.77,
    5.0
  ]
}