{
  "fold": 1,
  "n_train": 37,
  "n_test": 9,
  "mae": 14.887075926778929,
  "mse": 352.8148330494633,
  "rmse": 18.783365860501767,
  "r2": 0.07840527871013547,
  "adj_r2": NaN,
  "predictions": [
    29.886324706655014,
    27.151975494372387,
    15.16753029239044,
    17.33605857108434,
    35.723540377130924,
    11.909778337680125,
    13.229400821749552,
    10.054758763577752,
    21.646965389679863
  ],
  "actuals": [
    68.37,
    10.8,
    10.6,
    10.48,
    6.67,
    1.9,
    1.5,
    9.77,
    5.0
  ]
}