{
  "fold": 5,
  "n_train": 506,
  "n_test": 8,
  "mae": 12.781963152427435,
  "mse": 237.1956204837703,
  "rmse": 15.401156465790818,
  "r2": 0.6241947134571577,
  "adj_r2": NaN,
  "predictions": [
    16.878468402180435,
    16.88971373812849,
    13.983005683110012,
    21.459400738952937,
    12.328204779986722,
    47.70770493647663,
    30.54678645535845,
    18.92834007325684
  ],
  "actuals": [
    23.09,
    10.49,
    9.3,
    5.0,
    4.8,
    78.3,
    51.7,
    9.7
  ]
}