{
  "fold": 4,
  "n_train": 90,
  "n_test": 8,
  "mae": 17.104088121727102,
  "mse": 495.4944620178145,
  "rmse": 22.25970489511967,
  "r2": 0.5532387544598486,
  "adj_r2": NaN,
  "predictions": [
    69.40566841560093,
    36.9668598131462,
    22.489891065617375,
    16.82761444511184,
    14.226346004146642,
    13.146946600980222,
    50.94640824491576,
    28.08303786325056
  ],
  "actuals": [
    103.86,
    71.88,
    24.91,
    19.48,
    10.88,
    8.87,
    20.76,
    3.5
  ]
}