{
  "fold": 5,
  "n_train": 94,
  "n_test": 8,
  "mae": 11.91781339756963,
  "mse": 202.68636816754105,
  "rmse": 14.236796274708052,
  "r2": 0.6788700882749114,
  "adj_r2": NaN,
  "predictions": [
    17.600531263607717,
    16.710272877444353,
    14.164052314614617,
    25.138652477675688,
    9.718384530980238,
    53.49989549844399,
    31.48811409731685,
    18.3996858392107
  ],
  "actuals": [
    23.09,
    10.49,
    9.3,
    5.0,
    4.8,
    78.3,
    51.7,
    9.7
  ]
}