{
  "fold": 1,
  "n_train": 79,
  "n_test": 9,
  "mae": 15.05914688614133,
  "mse": 336.7957676194966,
  "rmse": 18.35199628431459,
  "r2": 0.12024900169834829,
  "adj_r2": NaN,
  "predictions": [
    32.87589462878153,
    26.95031648776265,
    18.68341418037769,
    15.921219320034433,
    36.08749803822902,
    11.998093344707668,
    13.489651670638038,
    11.242119681591818,
    22.38590388071219
  ],
  "actuals": [
    68.37,
    10.8,
    10.6,
    10.48,
    6.67,
    1.9,
    1.5,
    9.77,
    5.0
  ]
}