{
  "fold": 5,
  "n_train": 310,
  "n_test": 8,
  "mae": 12.950056609860333,
  "mse": 315.14187874339564,
  "rmse": 17.752235880119315,
  "r2": 0.5006991115549919,
  "adj_r2": NaN,
  "predictions": [
    17.1931649559565,
    15.117967756496293,
    10.403538950789587,
    17.988782437624863,
    12.66703283237433,
    43.20829781882837,
    20.40586271901724,
    14.430456395399709
  ],
  "actuals": [
    23.09,
    10.49,
    9.3,
    5.0,
    4.8,
    78.3,
    51.7,
    9.7
  ]
}