{
  "fold": 2,
  "n_train": 505,
  "n_test": 9,
  "mae": 9.234324764904049,
  "mse": 115.90622929180455,
  "rmse": 10.765975538324641,
  "r2": 0.6347487090457592,
  "adj_r2": NaN,
  "predictions": [
    40.92697160991329,
    28.132487029095717,
    19.15825949563895,
    29.79259927760959,
    26.981462500250117,
    17.98792233572573,
    11.898112358454089,
    12.614361972753038,
    11.71030612971122
  ],
  "actuals": [
    48.0,
    44.96,
    38.74,
    32.17,
    31.94,
    15.0,
    3.0,
    2.42,
    1.5
  ]
}