{
  "fold": 5,
  "n_train": 30034,
  "n_test": 8,
  "mae": 14.889480522974932,
  "mse": 363.06072323748515,
  "rmse": 19.054152388324315,
  "r2": 0.4247780003254725,
  "adj_r2": NaN,
  "predictions": [
    17.504084178506652,
    16.04785453032788,
    13.454021784119995,
    23.549040989535314,
    12.519131531088693,
    36.088778295120896,
    31.265877517420968,
    24.604535339776085
  ],
  "actuals": [
    23.09,
    10.49,
    9.3,
    5.0,
    4.8,
    78.3,
    51.7,
    9.7
  ]
}