{
  "fold": 5,
  "n_train": 53,
  "n_test": 8,
  "mae": 13.49202322014908,
  "mse": 284.9824770446738,
  "rmse": 16.881424023010435,
  "r2": 0.5484827197608795,
  "adj_r2": NaN,
  "predictions": [
    14.614785930940105,
    16.247073281570717,
    12.520441834088786,
    20.656708883171678,
    10.33027535335639,
    48.79087130667047,
    21.164572859496644,
    18.9519165061123
  ],
  "actuals": [
    23.09,
    10.49,
    9.3,
    5.0,
    4.8,
    78.3,
    51.7,
    9.7
  ]
}