{
  "fold": 1,
  "n_train": 28638,
  "n_test": 9,
  "mae": 15.050552749013244,
  "mse": 328.6899681548059,
  "rmse": 18.129808828413108,
  "r2": 0.141422323505501,
  "adj_r2": NaN,
  "predictions": [
    36.6652122468204,
    34.19436555963088,
    16.08097528529057,
    17.502203673031314,
    21.74188839677239,
    14.390211542907542,
    10.50555639748958,
    11.761028977290845,
    34.293957155526485
  ],
  "actuals": [
    68.37,
    10.8,
    10.6,
    10.48,
    6.67,
    1.9,
    1.5,
    9.77,
    5.0
  ]
}