{
  "fold": 2,
  "n_train": 19093,
  "n_test": 9,
  "mae": 9.523310426900352,
  "mse": 136.26419747893783,
  "rmse": 11.67322566726686,
  "r2": 0.5705953481178012,
  "adj_r2": NaN,
  "predictions": [
    39.750950984303095,
    23.35757636122443,
    20.06346089397958,
    31.287846156400807,
    23.921066170600774,
    15.24403985947036,
    9.273979846504053,
    14.17947992556663,
    11.503194777070812
  ],
  "actuals": [
    48.0,
    44.96,
    38.74,
    32.17,
    31.94,
    15.0,
    3.0,
    2.42,
    1.5
  ]
}