{
  "fold": 2,
  "n_train": 34,
  "n_test": 9,
  "mae": 13.657544732538321,
  "mse": 218.61481096171158,
  "rmse": 14.785628527787095,
  "r2": 0.3110867085111151,
  "adj_r2": NaN,
  "predictions": [
    35.28450246890014,
    26.053311742963377,
    13.560325611226494,
    17.278565208208462,
    25.596484553668564,
    21.50515022103334,
    18.274798592495227,
    11.74484979537568,
    15.276293568907695
  ],
  "actuals": [
    48.0,
    44.96,
    38.74,
    32.17,
    31.94,
    15.0,
    3.0,
    2.42,
    1.5
  ]
}