{
  "fold": 4,
  "n_train": 1034,
  "n_test": 8,
  "mae": 13.871231557637543,
  "mse": 357.60024570270696,
  "rmse": 18.91032114224153,
  "r2": 0.6775707027582043,
  "adj_r2": NaN,
  "predictions": [
    65.70305173385678,
    42.479826589033166,
    24.239508025168508,
    22.215383183797954,
    13.749597049509653,
    16.780129788116362,
    39.534689140391315,
    13.952439647343528
  ],
  "actuals": [
    103.86,
    71.88,
    24.91,
    19.48,
    10.88,
    8.87,
    20.76,
    3.5
  ]
}