{
  "fold": 3,
  "n_train": 80,
  "n_test": 8,
  "mae": 17.183161497478217,
  "mse": 462.92635473520977,
  "rmse": 21.51572343044058,
  "r2": 0.5228502004052696,
  "adj_r2": NaN,
  "predictions": [
    75.96610602845067,
    12.119626372981708,
    26.193244757270186,
    27.832715090056446,
    12.551459509917104,
    19.507708405065618,
    18.354945172869215,
    49.11169870011616
  ],
  "actuals": [
    101.13,
    9.15,
    8.64,
    7.86,
    5.34,
    2.36,
    15.64,
    4.38
  ]
}