{
  "fold": 3,
  "n_train": 164,
  "n_test": 8,
  "mae": 16.25998845213183,
  "mse": 466.3160795362827,
  "rmse": 21.594352954795443,
  "r2": 0.5193563260708988,
  "adj_r2": NaN,
  "predictions": [
    79.26117234413967,
    9.725382067295113,
    22.747976803810115,
    25.394559966238056,
    13.997628426187152,
    19.89423366127711,
    16.84500041219993,
    52.97629862418684
  ],
  "actuals": [
    101.13,
    9.15,
    8.64,
    7.86,
    5.34,
    2.36,
    15.64,
    4.38
  ]
}