{
  "fold": 5,
  "n_train": 6034,
  "n_test": 8,
  "mae": 15.013825921253396,
  "mse": 347.50186525106744,
  "rmse": 18.641401912170323,
  "r2": 0.4494289659374838,
  "adj_r2": NaN,
  "predictions": [
    16.809682098757058,
    18.798025734960994,
    12.56870661902058,
    24.631305922572505,
    12.406590882115982,
    38.83017818704853,
    30.185674181623146,
    23.73151267878583
  ],
  "actuals": [
    23.09,
    10.49,
    9.3,
    5.0,
    4.8,
    78.3,
    51.7,
    9.7
  ]
}