{
  "fold": 4,
  "n_train": 38,
  "n_test": 8,
  "mae": 17.811213957830166,
  "mse": 743.6384648420627,
  "rmse": 27.26973532768631,
  "r2": 0.32950038345239585,
  "adj_r2": NaN,
  "predictions": [
    64.04625798298193,
    11.634176153205152,
    23.846907575933756,
    12.771125310609259,
    10.746249517009476,
    9.639406024860111,
    45.31750371032233,
    12.697518467198476
  ],
  "actuals": [
    103.86,
    71.88,
    24.91,
    19.48,
    10.88,
    8.87,
    20.76,
    3.5
  ]
}