{
  "fold": 4,
  "n_train": 506,
  "n_test": 8,
  "mae": 13.326655720876662,
  "mse": 310.4365862681466,
  "rmse": 17.61921071637849,
  "r2": 0.7200956891070087,
  "adj_r2": NaN,
  "predictions": [
    68.19438415967723,
    46.321615314485115,
    25.843925539444964,
    22.704659254218786,
    14.677446509279067,
    14.74985908516673,
    36.814545047778836,
    18.998809805287255
  ],
  "actuals": [
    103.86,
    71.88,
    24.91,
    19.48,
    10.88,
    8.87,
    20.76,
    3.5
  ]
}