{
  "fold": 1,
  "n_train": 127,
  "n_test": 9,
  "mae": 15.259799946377159,
  "mse": 334.52307463352184,
  "rmse": 18.2899719691836,
  "r2": 0.12618554875586152,
  "adj_r2": NaN,
  "predictions": [
    33.74054483823316,
    29.749042807549067,
    18.469781296896365,
    17.72964986989321,
    31.666408373770015,
    11.933136602815136,
    11.34117622746162,
    10.858417392374877,
    27.681131784867315
  ],
  "actuals": [
    68.37,
    10.8,
    10.6,
    10.48,
    6.67,
    1.9,
    1.5,
    9.77,
    5.0
  ]
}