{
  "fold": 3,
  "n_train": 974,
  "n_test": 8,
  "mae": 14.9116654040585,
  "mse": 368.3382008119981,
  "rmse": 19.192139036907744,
  "r2": 0.6203445820209189,
  "adj_r2": NaN,
  "predictions": [
    75.77244605336881,
    12.420054755066019,
    21.329203929517416,
    22.23348525088073,
    13.148239897035323,
    17.584707269697187,
    15.47544658777297,
    44.78552477141311
  ],
  "actuals": [
    101.13,
    9.15,
    8.64,
    7.86,
    5.34,
    2.36,
    15.64,
    4.38
  ]
}