{
  "fold": 5,
  "n_train": 10034,
  "n_test": 8,
  "mae": 14.841422091230495,
  "mse": 345.03839448480824,
  "rmse": 18.575209137040915,
  "r2": 0.45333201159792125,
  "adj_r2": NaN,
  "predictions": [
    16.256733757966263,
    16.54925399742457,
    13.701594967457202,
    23.68374207050294,
    11.981565246794753,
    38.164463201844676,
    30.97041449191248,
    24.406831899387903
  ],
  "actuals": [
    23.09,
    10.49,
    9.3,
    5.0,
    4.8,
    78.3,
    51.7,
    9.7
  ]
}