{
  "fold": 2,
  "n_train": 89,
  "n_test": 9,
  "mae": 12.309601296691833,
  "mse": 188.63603500587607,
  "rmse": 13.734483426975915,
  "r2": 0.4055577881588689,
  "adj_r2": NaN,
  "predictions": [
    34.72911954418002,
    21.539810169380868,
    16.429979257527126,
    23.223335920871428,
    24.12354720735305,
    19.38429695558226,
    14.377931506480788,
    12.241413567316604,
    10.938561740159333
  ],
  "actuals": [
    48.0,
    44.96,
    38.74,
    32.17,
    31.94,
    15.0,
    3.0,
    2.42,
    1.5
  ]
}