{
  "fold": 1,
  "n_train": 39,
  "n_test": 9,
  "mae": 15.144031371264257,
  "mse": 344.56971673613276,
  "rmse": 18.562589171129463,
  "r2": 0.09994251285958822,
  "adj_r2": NaN,
  "predictions": [
    34.87192379809857,
    27.563377691328796,
    16.656973491148605,
    17.25491879168482,
    37.64261770279961,
    10.744995717357117,
    13.978151696334207,
    9.406332470183097,
    25.54350351900683
  ],
  "actuals": [
    68.37,
    10.8,
    10.6,
    10.48,
    6.67,
    1.9,
    1.5,
    9.77,
    5.0
  ]
}