{
  "fold": 5,
  "n_train": 20034,
  "n_test": 8,
  "mae": 14.746594792534044,
  "mse": 351.3037251938232,
  "rmse": 18.743098068190946,
  "r2": 0.4434054185285179,
  "adj_r2": NaN,
  "predictions": [
    16.975412072824245,
    15.92483087075722,
    13.485611480509895,
    23.29706985797124,
    12.209040266801471,
    37.15106258806772,
    31.08409547872223,
    24.46677600384672
  ],
  "actuals": [
    23.09,
    10.49,
    9.3,
    5.0,
    4.8,
    78.3,
    51.7,
    9.7
  ]
}