{
  "fold": 5,
  "n_train": 1034,
  "n_test": 8,
  "mae": 14.010150215918294,
  "mse": 304.61170596525943,
  "rmse": 17.45312883024873,
  "r2": 0.5173827863638356,
  "adj_r2": NaN,
  "predictions": [
    16.29684781429084,
    16.216640017058374,
    13.535745470137133,
    24.69694511970256,
    11.91615586392471,
    41.823572619943626,
    30.310027706847936,
    20.34616339760598
  ],
  "actuals": [
    23.09,
    10.49,
    9.3,
    5.0,
    4.8,
    78.3,
    51.7,
    9.7
  ]
}