{
  "fold": 2,
  "n_train": 20033,
  "n_test": 9,
  "mae": 9.104271171083864,
  "mse": 120.07657922110145,
  "rmse": 10.957945939869454,
  "r2": 0.6216068295737616,
  "adj_r2": NaN,
  "predictions": [
    43.20207964536685,
    24.216161282666167,
    21.704452873522676,
    28.962729229967355,
    24.79332345045762,
    15.657506578473615,
    10.226711268161525,
    13.128636031664119,
    11.91433314343618
  ],
  "actuals": [
    48.0,
    44.96,
    38.74,
    32.17,
    31.94,
    15.0,
    3.0,
    2.42,
    1.5
  ]
}