{
  "fold": 1,
  "n_train": 34,
  "n_test": 9,
  "mae": 14.21266271435534,
  "mse": 326.93051502111257,
  "rmse": 18.0812199538945,
  "r2": 0.14601822642248907,
  "adj_r2": NaN,
  "predictions": [
    32.2256245235157,
    29.448494880952385,
    11.645993060253234,
    15.573605423390347,
    33.74598382256633,
    13.573872364408464,
    10.794581957011943,
    11.299071701223614,
    22.407985742907428
  ],
  "actuals": [
    68.37,
    10.8,
    10.6,
    10.48,
    6.67,
    1.9,
    1.5,
    9.77,
    5.0
  ]
}