{
  "fold": 3,
  "n_train": 40,
  "n_test": 8,
  "mae": 17.578303591256734,
  "mse": 488.0409039234107,
  "rmse": 22.09164783178047,
  "r2": 0.49696400492409754,
  "adj_r2": NaN,
  "predictions": [
    74.51799822197655,
    11.320695045729614,
    21.973849257586657,
    26.83902440136157,
    13.259791623649766,
    28.94264533973134,
    17.294173750391984,
    47.754247533579495
  ],
  "actuals": [
    101.13,
    9.15,
    8.64,
    7.86,
    5.34,
    2.36,
    15.64,
    4.38
  ]
}