{
  "fold": 3,
  "n_train": 62,
  "n_test": 8,
  "mae": 16.01958651174896,
  "mse": 434.74107237893816,
  "rmse": 20.850445376033054,
  "r2": 0.5519014775474155,
  "adj_r2": NaN,
  "predictions": [
    77.15768168845793,
    10.818046697892141,
    23.070503579491128,
    25.683454438211164,
    12.475041544534456,
    20.89604675607174,
    15.546546276907803,
    48.87782704315679
  ],
  "actuals": [
    101.13,
    9.15,
    8.64,
    7.86,
    5.34,
    2.36,
    15.64,
    4.38
  ]
}