{
  "fold": 2,
  "n_train": 9569,
  "n_test": 9,
  "mae": 9.159839755829253,
  "mse": 126.76381436692994,
  "rmse": 11.258943750056217,
  "r2": 0.6005335767826698,
  "adj_r2": NaN,
  "predictions": [
    42.31640188949745,
    24.89211107981869,
    19.45751836854602,
    30.108921044021844,
    25.959824760531315,
    14.791650491141219,
    10.15412931408163,
    14.045897913751343,
    11.874958208186838
  ],
  "actuals": [
    48.0,
    44.96,
    38.74,
    32.17,
    31.94,
    15.0,
    3.0,
    2.42,
    1.5
  ]
}