{
  "fold": 4,
  "n_train": 974,
  "n_test": 8,
  "mae": 18.51370010184518,
  "mse": 631.1467415417371,
  "rmse": 25.12263404863704,
  "r2": 0.43092824242371297,
  "adj_r2": NaN,
  "predictions": [
    57.903066418744494,
    24.780295574057753,
    22.706081814514764,
    12.590007356885497,
    16.07432348595122,
    15.008243241625474,
    39.137904576273264,
    19.748580675114003
  ],
  "actuals": [
    103.86,
    71.88,
    24.91,
    19.48,
    10.88,
    8.87,
    20.76,
    3.5
  ]
}